646712716523122688;The Gloucester Rugby Fan App is the best way to keep up to date with the club. Coming soon for iOS & Android!;@nicebro1 We're really pleased you're following us. Did you know we have a Facebook page too? http://t.co/OADp1zftmy;Wed Sep 23 17:48:21 CEST 2015;rugby;-1
646712713461284864;Breaking sports stories from the EWN Sport desk with some live commentary on rugby, football, cricket, golf, tennis and more. Mail us on ewnsport@ewn.co.za;Take a look at some of our favourited inspired and moving #RWC2015 ads. Are there any you think we missed? http://t.co/O4G6hEAXHg;Wed Sep 23 17:48:20 CEST 2015;rugby;-1
646712713444487168;The Cape's No.1 News and Talk Station;Take a look at some of our favourited inspired and moving #RWC2015 ads. Are there any you think we missed? http://t.co/xRI7JvCJGT;Wed Sep 23 17:48:20 CEST 2015;rugby;-1
646713771344445441;Runner, ex rugby player, hard working fitness freak. Too honest sometimes and the butt of jokes from my wife and 4 adult children. views I express are my own.;RT @SWP_Roads: Eastern RPU providing escort to the Australian Rugby team. #rwc2015 #aus http://t.co/i7Nboicl7I;Wed Sep 23 17:52:33 CEST 2015;rugby;-1
646713771100995584;;RT @BBCSport: FT #SCO 45-10 #JPN  Scotland score five second-half tries in their #RWC2015 opener  http://t.co/voZGcSc4YE #bbcrugby http://t‚Ä¶;Wed Sep 23 17:52:33 CEST 2015;rugby;-1
646713769612062720;;RT @MilkItGB: RT & FOLLOW to #WIN a Milk It tee & #RWC2015 ball! #comp ends 24th Sept 5pm T&Cs http://t.co/3ikSbZK2WH http://t.co/eskFVZ3oY7;Wed Sep 23 17:52:32 CEST 2015;rugby;-1
646713769444245506;Steven Gerrard , Lionel Messi , Marco Reus , Liverpool Fc , Fc Barcelona , Borussia Dortmund , ÂÜÖÁî∞ ÁØ§‰∫∫ , Â±±‰∏ã Êô∫‰πÖ , Â±±Áî∞ Ê∂º‰ªã , Roger federer , Yaya urassaya;‡∏ô‡∏≠‡∏ô‡∏î‡∏π Rugby world cup 2015;Wed Sep 23 17:52:32 CEST 2015;rugby;-1
646713768379068416;I love Jesus,His Church & Opus Dei.I love the Holy Land.I love Romani & gypsies people & their culture.Rugby united & Music lover.Communism&Nazi hater!;RT @ZebreRugby: #IoCiSono il video reportage del 1¬∞ torneo di #rugby integrato promosso dalla Onlus #SostegnoOvale a Colorno https://t.co/F‚Ä¶;Wed Sep 23 17:52:32 CEST 2015;rugby;-1
646713768358080512;Offers & all the latest news from all the major sporting events around the world,football,darts,rugby,cricket,snooker,F1,boxing,etc;RT @TelegraphSport: Who made @MickClearyTel's all-time #England and #Wales XV?  http://t.co/ApNQUKuzbn http://t.co/DlG7ZtLJBm;Wed Sep 23 17:52:32 CEST 2015;rugby;-1
646713767666057216;;RT @MilkItGB: #WIN a #RWC2015 ball & Milk It Tee! Follow & RT to enter. Full T&Cs here: http://t.co/FgZSr8BL7O #comp http://t.co/4qk286nyE6;Wed Sep 23 17:52:32 CEST 2015;rugby;-1
646713761730924544;;RT @rugbyworldcup: MATT'S BACK! @giteau_rugby plays his first #RWC match in 8 years today #AUSvFJI #RWC2015 http://t.co/p0N9rr6Ss7;Wed Sep 23 17:52:30 CEST 2015;rugby;-1
646713760405712896;;Cheers! http://t.co/ElQkg3Qtej;Wed Sep 23 17:52:30 CEST 2015;rugby;-1
646713755871670272;Mike Devereux | M√≠che√°l D√©abhr√∫s.       Interpreting, imaging, writing about place. Senior Lecturer, Dept of Architecture,  UWE, Bristol.  Swimmer;@EmilyCoyte no one understands #rugby but it's a polite excuse for a drink...;Wed Sep 23 17:52:29 CEST 2015;rugby;-1
646713751014666240;50+HDTV's|XBoxes|PS3s|Pool|Darts|FoosballDJs|VIP area|Great food|Book a table or booth or VIP Bar. FREE WiFi 02082906200;Here's the #RugbyWorldCup fixtures, join us to watch them all! #RWC2015 http://t.co/A8KB5w6U7S #Bromley #Rugby #Sports #Bar #BeckBromFL;Wed Sep 23 17:52:28 CEST 2015;rugby;-1
646713750586834944;;RT @SkySportsRugby: FT: Scotland 45-10 Japan. More here: http://t.co/VcoMbvKbe6 http://t.co/EfjZUX94XB;Wed Sep 23 17:52:28 CEST 2015;rugby;-1
646713750347759617;I need no intro, my life is based on a true story. I'm a brand, gig guru, xeleb and entrepreneur; you may know my name, not my story...;Home just in time for the rugby... #AUSvFJI #RWC2015;Wed Sep 23 17:52:28 CEST 2015;rugby;-1
646713749949300736;Pigiste @Eurosport_FR / Vamos Pablito Aimar, que la gloria volvera, como Kempes y El Piojo, otro pibe inmortal  Sub-editor for @RugbyWorldCupFR  @InfostradaLive;RT @rugbyworldcup: MATT'S BACK! @giteau_rugby plays his first #RWC match in 8 years today #AUSvFJI #RWC2015 http://t.co/p0N9rr6Ss7;Wed Sep 23 17:52:28 CEST 2015;rugby;-1
646713749466972160;Pet robotic experiment. Tweets things lots of people are looking at from the @guardian.;Australia v Fiji: Rugby World Cup 2015 ‚Äì live! http://t.co/PoszMKjK9S;Wed Sep 23 17:52:27 CEST 2015;rugby;-1
646713746035896320;„É©„Ç∞„Éì„ÉºÂ•Ω„Åç„Å™‰∫∫„Åå„Å©„Çì„Å©„ÇìÂ¢ó„Åà„Åæ„Åô„Çà„ÅÜ„Å´‚ò™‚ëÖÀö2015Âπ¥„Ç§„É≥„Ç∞„É©„É≥„Éâ‚Üí2019Âπ¥RWCÊó•Êú¨ÈñãÂÇ¨;RT @try0727: „Åü„Å∂„Çì„É©„Ç∞„Éì„Éº„Åó„Å¶„Å™„ÅÑ‰∫∫„ÅØÂçó„Ç¢„Éï„É™„Ç´„Å´Âãù„Å£„Åü„ÅÆ„ÅØ„Åæ„Åê„Çå„ÇÑ„Å≠„Å£„Å¶Ë®Ä„ÅÜ„Åã„ÇÇ„Åó„Çå„Çì„Åë„Å©„ÄÅ„É©„Ç∞„Éì„Éº„Å£„Å¶„ÅÑ„ÅÜ„Çπ„Éù„Éº„ÉÑ„ÅØ„Åæ„Åê„Çå„ÅßÂãù„Å¶„Çã„Åª„Å©„ÅÇ„Åæ„Åè„Å™„ÅÑ„Åã„Çâ„Å™;Wed Sep 23 17:52:27 CEST 2015;rugby;-1
646713745029378048;19, Dancer at UoN;Freshers flu isn't all bad, get to watch the rugby üëåüèªüòúüòç;Wed Sep 23 17:52:26 CEST 2015;rugby;-1
646713741564903424;Conseiller R√©gional Jeune @CRJIDF. Membre @partisocialiste et @JeunesSocialist. Porte Parole de l'@unlparis75.;RT @claudebartolone: La coupe du monde de rugby commence ce soir pour la @FFRugby ! Portez haut les valeurs du rugby, portez haut nos coule‚Ä¶;Wed Sep 23 17:52:26 CEST 2015;rugby;-1
646713739358642176;Official twitter account of RFU Championship side Nottingham Rugby #greenNwhites;Corporate Player Sponsorship Still Available - http://t.co/BJC3Y37FDL #GreenNWhites #Nottingham #Rugby #NRFC http://t.co/ORGoTVpYSJ;Wed Sep 23 17:52:25 CEST 2015;rugby;-1
646713737173442561;Hotmail, Entertainment, News, Sport, Lifestyle and Games at MSN Ireland.;Follow #AUSvFJI at the #RWC2015 on MSN. http://t.co/u786jIb8D8 http://t.co/Zjyygvkac2;Wed Sep 23 17:52:24 CEST 2015;rugby;-1
646713734669406208;Ph.D. in national security strategy and interests in all things leadership & ethics. Proud to have served 25 Years in the US Air Force.;Rugby: Wallabies embark on quest for British World Cup hat-trick http://t.co/yqujiDFr8Q #civil_vision;Wed Sep 23 17:52:24 CEST 2015;rugby;-1
646713734153523200;;RT @breakingnewsie: Did you hear the one about Dev and Michael Collins at the rugby? http://t.co/FH8Wuf0MNa #RWC2015 http://t.co/SwnfjoZqkQ;Wed Sep 23 17:52:24 CEST 2015;rugby;-1
646713733465665540;President Global Marketing @Blippar;Wunderman - The Rugby World Cup ‚Äì brands, fans and all things tech (including @blippar !): http://t.co/8f3Zl5VVwm;Wed Sep 23 17:52:24 CEST 2015;rugby;-1
646713732995903488;;Great to see @giteau_rugby back playing at the world cup. #TopPlayer;Wed Sep 23 17:52:23 CEST 2015;rugby;-1
646713731972472832;Daily fitness tips and motivation to help;.: Details Regarding The Raleigh Youth Rugby http://t.co/Zyy8vrt2XZ;Wed Sep 23 17:52:23 CEST 2015;rugby;-1
646713730412232705;The best Sports, Bingo, Casino & Slot bonus aggregator for online gambling. Real-time bonus deals before anyone else! Visit - http://t.co/xWPL3UtUXU;From one massive game to another.  Join us for #AUS V #FJI at the Millennium Stadium http://t.co/8AcJLoHKfh #RWC‚Ä¶ http://t.co/bsrhM4I9fZ;Wed Sep 23 17:52:23 CEST 2015;rugby;-1
646713730122817536;moymoy et fiere de l'etre ‚úå Ô∏è play rugby / rugbywoman | team FAR rugby a 7 / aupa Bo /;@NiallOfficial    Hi Niall we really wants to know who is your favourite French rugby player158;Wed Sep 23 17:52:23 CEST 2015;rugby;-1
646713727555891200;Je Tweete #RWC2015 #soutienslexv #FrenchTech #SocialMedia #Innovation #Digital #Numerique Expert #ReseauxSociaux [‚ìÇMentor #startups pour @OrangeFabFr #France];#Rugby Tous sur  #Twitter " Avec @FFRugby #soutienslexv #RWC2015 üèâ  #ROUvFRA @RugbyRomania  #RugbyRomania  https://t.co/7pd9O2jOj5;Wed Sep 23 17:52:22 CEST 2015;rugby;-1
646713726717022209;Leveling Bas and Mark;RT @reddevil7227: Waardeloos @RTL7 probeer via de livestream rugby te kijken. Heb er Nb 4,- voor betaald. Werkt voor geen meter.;Wed Sep 23 17:52:22 CEST 2015;rugby;-1
646713725639086080;J'aime Nicolas Sarkozy ‚ù§  Le Rugby et les Rugbymans ‚ù§ et surtout R√©mi  :-)  et Yannick ‚ù§  Je d√©teste le mensonge et les faux cul !!! Suivie par @NicolasSarkozy;RT @NationRugby: Rugby - E21 - Bleus - L'Equipe Enqu√™te : 1987, la folle aventure http://t.co/nuE3q1388k http://t.co/dIoKitLG4w;Wed Sep 23 17:52:22 CEST 2015;rugby;-1
646713725399896064;;RT @BBCSport: From one massive game to another.  Join us for #AUS V #FJI at the Millennium Stadium http://t.co/7xgicVGKXv #RWC2015 http://t‚Ä¶;Wed Sep 23 17:52:22 CEST 2015;rugby;-1
646713724993048576;;Rugby time üèà;Wed Sep 23 17:52:22 CEST 2015;rugby;-1
646713724947054592;No a la Violencia en Palestina, No a la ocupaci√≥n Israel√≠ de territorio Palestino, No al mal trato animal;RT @MARCOANTONIOAH: Pizarro fue aprender m√°s de rugby para poder implementar esta actividad deportiva en la zona afectada por el tsunami ht‚Ä¶;Wed Sep 23 17:52:22 CEST 2015;rugby;-1
646713722413686784;All the latest sports news, updates and opinions from the @Daily_Record;Scotland 45 Japan 10: Read about the Scot's triumphant win in our match report.  http://t.co/xYNfDmKelf http://t.co/RpzC4JEABd;Wed Sep 23 17:52:21 CEST 2015;rugby;-1
646713719691587584;Hey;RT @SportActualites: Rugby - CM - A Gloucester, l'Ecosse pulv√©rise le Japon http://t.co/CkI5zo5cmh http://t.co/Nyx7JAS9mQ;Wed Sep 23 17:52:20 CEST 2015;rugby;-1
646713718613651461;New Irish Pub in Berkley!;OPEN NOW  for the Rugby Word Cup! Australia taking on Fiji right now and France takes on Romania at 3:00pm!;Wed Sep 23 17:52:20 CEST 2015;rugby;-1
646713718026301440;Rugby Unplugged - the world's only global rugby lifestyle publication  FB: http://t.co/fY8zjAxv;#Wallabies 0-0 #FijiRugby 3m These hits are huge and keep producing groans from the onlooking crowd #AUSvFJI #RWC2015 #Rugby;Wed Sep 23 17:52:20 CEST 2015;rugby;-1
646713717305049088;Pour ne rien manquer de l'actualit√© du #sport en fran√ßais, suivez nous.;Rugby - CM - A Gloucester, l'Ecosse pulv√©rise le Japon http://t.co/CkI5zo5cmh http://t.co/Nyx7JAS9mQ;Wed Sep 23 17:52:20 CEST 2015;rugby;-1
646713710619156480;;http://t.co/IhCXdsoXJf;Wed Sep 23 17:52:18 CEST 2015;rugby;-1
646713709860134914;married, father of one, plays football, shareholder of Tottenham Hotspur fc and loves tearing it up with family & friends!!;@talkSPORTDrive ref England rugby team vs wales.This situation is exactly why Cipriani should have been included in wc squad #creativity;Wed Sep 23 17:52:18 CEST 2015;rugby;-1
646713708887023616;Currently studying towards a Masters in Holocaust and Genocide Studies with a particular interest in the memory and the representation of the Kindertransport.;So some of these rugby players are 20 stone that's 12.5 stone added onto my weight üòÇüôà they are nearly 3 times my weight hahaha!!;Wed Sep 23 17:52:18 CEST 2015;rugby;-1
646713706269700097;È´ò3 „É©„Ç∞„Éì„ÉºÈÉ®MG‚òÖÂ§¢„ÅØ„Çπ„Éù„Éº„ÉÑ„Éà„É¨„Éº„Éä„Éº„Å´„Å™„Çä„Çâ„Åå„Éº„Çã„ÇíÊîØ„Åà„Çã‰∫ã„ÄÇ„É©„Ç∞„Éì„Éº„ÇíÊÑõ„Åô„Çã„Åô„Åπ„Å¶„ÅÆ‰∫∫„ÇíÂøúÊè¥„Åô„Çã„Ç¢„Ç´„Ç¶„É≥„Éà„ÄÇ „É©„Éº„É°„É≥„ÇÇÂ•Ω„Åç„Åß„Åô„ÄÇ;@yuto22308708 „ÅÇ„Åñ„ÅôÁ¨ë;Wed Sep 23 17:52:17 CEST 2015;rugby;-1
646713706122907649;Get all Insights in football, News, Photos, Stats, facts and even Banter. Just follow us.;Rugby League: Hardaker nominated for best player award http://t.co/7DEw71DVZK;Wed Sep 23 17:52:17 CEST 2015;rugby;-1
646713703266541568;;„ÅÇ„Çå„ÄÅ„Å™„Çì„Åã „Ç∑„Éº„É≥„Å®„Åó„Å°„ÇÉ„Å£„ÅüÊÑü„ÅòÔºüÔºüÔºü;Wed Sep 23 17:52:16 CEST 2015;rugby;-1
646713702142472196;I love my Mummy,mummy suka disdusdealkeran groupbeli,sy suka http://t.co/qzmFno77JH kmr beli ini iphone5 accs Diskon 90% cepat kirim donk;http://t.co/D5hjcyWpdp #diskon 33% Speaker Bluetooth Mini Rugby #harga #grosir di @groupbeli #murah http://t.co/80TXl9ynXa;Wed Sep 23 17:52:16 CEST 2015;rugby;-1
646713699869327360;Une Parisienne, Bretonne qui adore l'Ile de R√©!!! Je cours, je surfe mais je ne fais pas que √ßa...;Non pas l'automne SVP.. üòÅ Bon sinon ce soir c'est rugby!! :-);Wed Sep 23 17:52:16 CEST 2015;rugby;-1
646713699307270144;The Sport Newsdesk.  More than just the news.   Aggregating the news,  so that you don't have to.  For contact, please tweet the @NewsdeskEDITOR;Wales can sneak win - Williams http://t.co/9GVUXUoM9R;Wed Sep 23 17:52:15 CEST 2015;rugby;-1
646713697767936000;News-Culture-Sport-Music-Video-Photo-Promotion-Hacker-Rencontre-Debat-Flash-Meteo-Event-Email:fkarlhenry@gmail.com  Envoyez votre musique sur notre email;L'√âcosse ne se fait pas surprendre http://t.co/i0LVzMvwbF;Wed Sep 23 17:52:15 CEST 2015;rugby;-1
646713697289814016;;Yes. "@CholastarYMC: Wait.. Are yall watching rugby?";Wed Sep 23 17:52:15 CEST 2015;rugby;-1
646713696140398593;;Japan brought crashing down to earth by Scotland http://t.co/mtwCPNcFgJ;Wed Sep 23 17:52:15 CEST 2015;rugby;-1
646713864101462016;cowboy des montagnes. observateur de profession.  melomane de passion. gunners de coeur.;RT @lemondefr: Au Japon, les mangas de #rugby sortent peu √† peu de la m√™l√©e http://t.co/U1Pg2ywIl3 http://t.co/j4cFsGQ0Ak;Wed Sep 23 17:52:55 CEST 2015;rugby;-1
646713864093069312;I am neither romantic or a visionary, and that is my weakness and perhaps my power.;Rugby Union is so mind numbingly dull.;Wed Sep 23 17:52:55 CEST 2015;rugby;-1
646713859126857728;We want information, information, information!;Coupe du monde de rugby: le Japon s'√©croule face √† l'Ecosse (45-10) http://t.co/ZhnU0JFVRA #Express;Wed Sep 23 17:52:54 CEST 2015;rugby;-1
646713856048398336;Welcome the the official twitter of Lloyds No 1- The Ice Wharf in Derry/ L'Derry. Follow us for updates, news and offers from our pub!;RT @jdwtweet: Watch the rugby with us! Why not cheer on #Scotland in the #rwc2015 a bottle of #PunkIPA by @brewdog‚Ä¶ https://t.co/Yu3QSccR5c;Wed Sep 23 17:52:53 CEST 2015;rugby;-1
646713853460373504;Passionate sports fan, with a love for clean crisp design, unhealthy obsession with kick ass cover songs and quality cold beer. Get in contact for design work.;@dimpower Watching the #RugbyWorldCup at stupid hours of the miring reminds me of the Rugby House. #AUSvFJI #riverstreet;Wed Sep 23 17:52:52 CEST 2015;rugby;-1
646713844983840768;well behaved women rarely make history;I'm all for the rugby but they didn't need to cancel the chase;Wed Sep 23 17:52:50 CEST 2015;rugby;-1
646713843096383488;moymoy et fiere de l'etre ‚úå Ô∏è play rugby / rugbywoman | team FAR rugby a 7 / aupa Bo /;@NiallOfficial    Hi Niall we really wants to know who is your favourite French rugby player 161;Wed Sep 23 17:52:50 CEST 2015;rugby;-1
646713842429489152;Providing healthcare to Swansea, Neath Port Talbot, Bridgend and beyond. Four main hospitals - Morriston, Singleton, Neath Port Talbot and the Princess of Wales;Ward 18 patients in POWH enjoy Rugby World Cup action in their own (dry!) bar. http://t.co/X52kMVBH8B #NHSWales http://t.co/Dqh3Ui4XS5;Wed Sep 23 17:52:50 CEST 2015;rugby;-1
646713840923709440;Le Super Moscato Show c'est votre rendez-vous sport de l'apr√®s-midi sur @RMCsport entre 16h et 18h !;RT @RMCsport: Quizz RMC Sport - Connaissez-vous bien la Dream Team rugby ? R√©pondez √† nos questions ici :  http://t.co/9ncwL2hLgc http://t.‚Ä¶;Wed Sep 23 17:52:49 CEST 2015;rugby;-1
646713839468302338;;@Katie_McC_ @JodieMilroy amazing üòçüòÇ so I've been watching rugby. When are we going to a game please?;Wed Sep 23 17:52:49 CEST 2015;rugby;-1
646713839090855936;17, Blackpool.;@g_sammartano Both included rugby so in a way..I was doing EPQ;Wed Sep 23 17:52:49 CEST 2015;rugby;-1
646713837580910592;The most reliable, passionate, local knowledge led estate, lettings, property management for Cheshire, South Manchester and beyond. Call to see the difference..;RT @CheshireFire: #PlayItSafe during the Rugby World Cup! #RWC2015   #AUS v #FJI up next... http://t.co/7WyhMl4NVv http://t.co/5yAR3XthRS;Wed Sep 23 17:52:48 CEST 2015;rugby;-1
646713836821725184;Forma√ß√£o - Biologia. Sou professora da rede estadual de ensino desde 1989, e , funcion√°ria p√∫blica estadual desde 1986. sou casada  A 22 anos.  PALMEIRENSE.;RT @Martonirugby: HOJE-COPA DO MUNDO DE RUGBY NA ESPN! veja PROGRAMA√á√ÉO....https://t.co/6UI57s9tHD   #tudopeloesporte #tudopelorugby http:/‚Ä¶;Wed Sep 23 17:52:48 CEST 2015;rugby;-1
646713835706040320;Supporter du RC Strasbourg & du SL Benfica / Grand amateur de Foot F√©minin / Schneiderlin ‚öΩ;RT @philousports: traduisons les "tu as jamais jou√© au rugby, fermes ta gueule" https://t.co/CFEkF3DDS8;Wed Sep 23 17:52:48 CEST 2015;rugby;-1
646713835676651520;La secci√≥n de Deportes de @Clarincom. Toda la informaci√≥n en: http://t.co/7f5U1LE9GL;Hourcade define cu√°les ser√°n los 15 Pumas titulares ante Georgia http://t.co/H4gWhmj0Ov http://t.co/mw6nsU8Ihn;Wed Sep 23 17:52:48 CEST 2015;rugby;-1
646713833306767361;È´ò3 „É©„Ç∞„Éì„ÉºÈÉ®MG‚òÖÂ§¢„ÅØ„Çπ„Éù„Éº„ÉÑ„Éà„É¨„Éº„Éä„Éº„Å´„Å™„Çä„Çâ„Åå„Éº„Çã„ÇíÊîØ„Åà„Çã‰∫ã„ÄÇ„É©„Ç∞„Éì„Éº„ÇíÊÑõ„Åô„Çã„Åô„Åπ„Å¶„ÅÆ‰∫∫„ÇíÂøúÊè¥„Åô„Çã„Ç¢„Ç´„Ç¶„É≥„Éà„ÄÇ „É©„Éº„É°„É≥„ÇÇÂ•Ω„Åç„Åß„Åô„ÄÇ;RT @f6522d01658a421: „É©„Ç∞„Éì„Éº„ÇÑ„Å£„Å¶„Å¶ËâØ„Åã„Å£„ÅüÔºÅÔºÅÔºÅ ÊúÄÈ´ò„ÅÆÊó•Êú¨‰ª£Ë°®„Åß„ÅôÔºÅ ÊÑüÂãï„ÅÇ„Çä„Åå„Å®„ÅÜÔºÅ„Åì„Çå„Åã„Çâ„ÇÇÂøúÊè¥„ÅóÁ∂ö„Åë„Åæ„ÅôÔºÅ  #JapanWay;Wed Sep 23 17:52:47 CEST 2015;rugby;-1
646713833306722304;Gloucestershire news, views and events.;VIDEO: Rugby World Cup 2015 Scotland sing national anthem at...: Scotland sang their national anthem but were ... http://t.co/X8Yiea9bKN;Wed Sep 23 17:52:47 CEST 2015;rugby;-1
646713832845541377;Juventino.  Studente universitario.  La storia √© padrona del mondo. #TillTheEnd;RT @GiorgiaMeloni: #Renzi alla prossima assemblea del #Pd: "Siamo come la #Scozia che schiaccia il Giappone 45 a 10" #rugby http://t.co/qdZ‚Ä¶;Wed Sep 23 17:52:47 CEST 2015;rugby;-1
646713832274944000;Gloucestershire news, views and events.;Video: Watch as ukulele band serenade Rugby World Cup fans with...: There are sculptures, badges, a trail and ... http://t.co/irYqmZ0NLC;Wed Sep 23 17:52:47 CEST 2015;rugby;-1
646713823139774464;Nerdish | Loud | Love all fluffy animals | lovable & huggable | adorable | kissable | psychology maniac | feministish | super girly or super boyish | moody |;RT @BBCSport: From one massive game to another.  Join us for #AUS V #FJI at the Millennium Stadium http://t.co/7xgicVGKXv #RWC2015 http://t‚Ä¶;Wed Sep 23 17:52:45 CEST 2015;rugby;-1
646713821151670272;3.11‰ª•ÈôçÁä∂Ê≥Å„Å´ÂØæ„Åó„Å¶Á©çÊ•µÁöÑ„Å´ÊÉÖÂ†±„ÇíÂèéÈõÜÊã°Êï£„Åó„Å¶„ÅÑ„Åæ„Åô„ÄÇ„Åä„ÇÇ„Å´„É™„ÉÑ„Ç§„Éº„Éà„Åå‰∏≠ÂøÉ„Åß„Åô„Åå„ÄÅ„Åü„Åæ„Å´Ëá™ÂàÜ„Åã„Çâ„ÇÇÁô∫‰ø°„Åó„Å¶„ÅÑ„Åæ„Åô„ÄÇ;RT @rugbyworldcup: MATT'S BACK! @giteau_rugby plays his first #RWC match in 8 years today #AUSvFJI #RWC2015 http://t.co/p0N9rr6Ss7;Wed Sep 23 17:52:44 CEST 2015;rugby;-1
646713820518461441;18, wales;Australia play exciting rugby;Wed Sep 23 17:52:44 CEST 2015;rugby;-1
646713818089979904;Foot, rugby, F1, tennis, cyclisme, ... Toute l'actualit√© sportive est sur Rmcsport.fr.;Quizz RMC Sport - Connaissez-vous bien la Dream Team rugby ? R√©pondez √† nos questions ici :  http://t.co/9ncwL2hLgc http://t.co/dGsL7liTeO;Wed Sep 23 17:52:44 CEST 2015;rugby;-1
646713815934062592;If you have a news story email news@redfm.ie;In today's opening match at the Rugby World Cup, five-try Scotland claimed a crushing 45-10 win over Japan.  More at 5pm.;Wed Sep 23 17:52:43 CEST 2015;rugby;-1
646713814323449856;;RT @rugbyworldcup: MATT'S BACK! @giteau_rugby plays his first #RWC match in 8 years today #AUSvFJI #RWC2015 http://t.co/p0N9rr6Ss7;Wed Sep 23 17:52:43 CEST 2015;rugby;-1
646713808455626752;13/5/15 I met my idol @parishilton ‚ù§Ô∏è Snapchat - @Ashleiswain Instagram - @Ashleiswain;I deffo have a thing for rugby players... This @SamBurgess8 is a sort üëåüèºüòç;Wed Sep 23 17:52:41 CEST 2015;rugby;-1
646713806618558464;clube da 00;rugby √© bom demais n√© √†s vezes esque√ßo;Wed Sep 23 17:52:41 CEST 2015;rugby;-1
646713802709467136;RSS feeds subscribed to by @jauger. Automated, yo.;BBC News - Home // Scotland 45-10 Japan http://t.co/00O1MBBQvt;Wed Sep 23 17:52:40 CEST 2015;rugby;-1
646713802361339911;Offers & all the latest news from all the major sporting events around the world,football,darts,rugby,cricket,snooker,F1,boxing,etc;RT @SkySportsRugby: FT: Scotland 45-10 Japan. More here: http://t.co/VcoMbvKbe6 http://t.co/EfjZUX94XB;Wed Sep 23 17:52:40 CEST 2015;rugby;-1
646713801342124032;Ces couleurs sont la force, la fiert√© du XV de France, de la nation. Cet h√©ritage se transmet avec passion depuis 100 ans et nous portera jusqu'√† la victoire.;RT @lequipe: üèâ A Gloucester, l'Ecosse pulv√©rise le Japon http://t.co/RYyPtnn36N http://t.co/WwMtLJVAAp;Wed Sep 23 17:52:40 CEST 2015;rugby;-1
646713798569644032;moymoy et fiere de l'etre ‚úå Ô∏è play rugby / rugbywoman | team FAR rugby a 7 / aupa Bo /;@NiallOfficial    Hi Niall we really wants to know who is your favourite French rugby player160;Wed Sep 23 17:52:39 CEST 2015;rugby;-1
646713794463420416;Proud dad to megan and alfie. Proud husband to that sexy wife in my pic. Leicester till I die. my views are normally nonsense but they are my own.;RT @paddypower: Applying the same ruling that made Scotland world champions in 1967, #SCO are now a better rugby team than South Africa.;Wed Sep 23 17:52:38 CEST 2015;rugby;-1
646713794228523009;I tweet all things Sport: Rugby i am a RUGBY fanatic...(#SharksForever),Football (#HalaMadrid),Cricket(#Proteafire) ,Tennis...  follower of GOD;RT @rugbyworldcup: MATT'S BACK! @giteau_rugby plays his first #RWC match in 8 years today #AUSvFJI #RWC2015 http://t.co/p0N9rr6Ss7;Wed Sep 23 17:52:38 CEST 2015;rugby;-1
646713792592646145;1Á¥öÂª∫ÁØâÂ£´„ÄÇÈ´òÊ†°ÁîüÁî∑Â≠ê„ÅÆÊØç„ÄÇË∂£Âë≥„ÅØ„Ç¥„Çπ„Éö„É´„ÄÅÈü≥Ê•ΩÈëëË≥û„ÄÅË°óÊ≠©„Åç„ÄÅ„É¨„Ç¥„ÄÅÊò†Áîª„ÄÅÁ≠â„ÄÖ„ÄÇÈ£ü„Åπ„Çã„Åì„Å®„Å®È£≤„ÇÄ„Åì„Å®„ÇÇÂ•Ω„Åç„Åß„Åô‚ô™„Éû„É≥„Ç¨„ÇÑ„Ç¢„Éã„É°„ÄÅ„Ç≤„Éº„É†„Å™„Å©„ÇÇÂ•Ω„Åç„ÄÇ„Å§„ÅÑ„Å´„ÉÄ„Ç§„Ç®„ÉÉ„ÉàÊàêÂäü„Åó„Åæ„Åó„Åü„ÄÇ-13„Ç≠„É≠„ÄÇ„É™„Éê„Ç¶„É≥„ÉâÊ≥®ÊÑè„ÄÇ;„ÇÑ„ÅØ„Çä„ÄÅ„Éû„Ç∞„É¨„ÅßÂêâÁî∞Ê≤ô‰øùÈáå„Å´Âãù„Å¶„Åü„Åã„Çâ„Å£„Å¶„ÄÅË∞∑‰∫ÆÂ≠ê„Å´„ÇÇÂãù„Å¶„Çã„Çè„Åë„Åß„ÅØ„Å™„Åã„Å£„Åü„ÄÇ Êó•Êú¨„ÄÅ„Çπ„Ç≥„ÉÉ„Éà„É©„É≥„Éâ„Å´„Åº„ÇçË≤†„Åë„ÄÇ Ê¨°„ÅØ„Çµ„É¢„Ç¢Êà¶ÔºÅÔºÅ#rugby wc 2015;Wed Sep 23 17:52:38 CEST 2015;rugby;-1
646713791842000896;Offers & all the latest news from all the major sporting events around the world,football,darts,rugby,cricket,snooker,F1,boxing,etc;RT @TelegraphRugby: It's Australia v Fiji in the #RWC2015! Follow the action here: http://t.co/UmVLVX9PqB http://t.co/N7oZQIPuv9;Wed Sep 23 17:52:37 CEST 2015;rugby;-1
646713791024132096;36 from Sussex. Husband, Dad and lover of Tottenham! Up the Spurs!;#BBC News - Heart attack #Rugby World Cup fan seeks 'hero' doctor http://t.co/UoMKkZSnWY;Wed Sep 23 17:52:37 CEST 2015;rugby;-1
646713785823141890;Aggregatore di Tweet di Politica Italiana. #RTPoliticaIT;RT @GiorgiaMeloni: #Renzi alla prossima assemblea del #Pd: "Siamo come la #Scozia che schiaccia il Giappone 45 a 10" #rugby http://t.co/qdZ‚Ä¶;Wed Sep 23 17:52:36 CEST 2015;rugby;-1
646713785777037314;Feature-length documentary about the living relatives of the historical Dracula.;Who's supporting #Romania in the #rugby tonight then? #RWC2015 #ROM;Wed Sep 23 17:52:36 CEST 2015;rugby;-1
646713784048988160;http://t.co/rQacTuLuDM;Les Boys au micro! http://t.co/j96j4r8pzk #rugby #RWC2015;Wed Sep 23 17:52:36 CEST 2015;rugby;-1
646713782539022336;Instagram:bethhh23;Just said one of these rugby players is over 20 stone that's three of me üò≥ #wow;Wed Sep 23 17:52:35 CEST 2015;rugby;-1
646713779678375937;Doctor in the making ‚åö                                                                                                                 KUSESS;Semangat rugby perlu ada dalam diri üí™üí™;Wed Sep 23 17:52:35 CEST 2015;rugby;-1
646713779061919744;;RT @lequipe: üèâ A Gloucester, l'Ecosse pulv√©rise le Japon http://t.co/RYyPtnn36N http://t.co/WwMtLJVAAp;Wed Sep 23 17:52:34 CEST 2015;rugby;-1
646713779036643328;Osaka , JPN . Áâ°‚ôÇ;RT @BBCWalesSport: Shane Williams: The pressure's on England so Wales can "sneak" a #RWC2015 win on Saturday http://t.co/pfXuZihWyi http://‚Ä¶;Wed Sep 23 17:52:34 CEST 2015;rugby;-1
646713777904291840;Offers & all the latest news from all the major sporting events around the world,football,darts,rugby,cricket,snooker,F1,boxing,etc;RT @BBCSport: From one massive game to another.  Join us for #AUS V #FJI at the Millennium Stadium http://t.co/7xgicVGKXv #RWC2015 http://t‚Ä¶;Wed Sep 23 17:52:34 CEST 2015;rugby;-1
646713776578949120;23. London. Crazy. #TeamGay Tweets are my own.;Perhaps I should turn the rugby off... It's doing bad things to me üòèüôäüôà #gayboyproblems #lookatthoselegs üòç;Wed Sep 23 17:52:34 CEST 2015;rugby;-1
646713773437272064;Subscribe our TV to Watch Live Your Favorite Sports - Get Full & Unlimited Access All Sports High-definition (HD);Australia vs Fiji Live Streaming Rugby World Cup 2015 watch Rugby >> http://t.co/Culp48Xj6D http://t.co/Tb61hHHGRU;Wed Sep 23 17:52:33 CEST 2015;rugby;-1
647031089421283328;Des filles qui jouent au rugby et dans le Nord ! #putaindenanas #top8;RT @cayenconsulting: Courage √† Alice, joueuse du @LMRCV_feminines, bless√©e aux cervicales -  Bon r√©tablissement #Top8 #putaindalice http://‚Ä¶;Thu Sep 24 14:53:27 CEST 2015;rugby;-1
647031085499580416;#sixnations #rugby #news #rugbynews for the #rugbyfamily #uk #england #ireland #scotland #wales #rfu #wru #6Nations;Stuart Lancaster confirms England‚Äôs midfield shake-up for Pool A match against Wales https://t.co/vKNytwF4OF http://t.co/fSV6ZWEGHK;Thu Sep 24 14:53:26 CEST 2015;rugby;-1
647031080130887680;Espero alcanzar mis metas. Trato de vivir feliz.;RT @UInformado: Pero te fuiste al mundial de rugby en vez de estar con tu regi√≥n que sufri√≥ un terremoto 8.4 y tsunami #Pizarro http://t.co‚Ä¶;Thu Sep 24 14:53:25 CEST 2015;rugby;-1
647031077249249280;Expressivus: News | Articles | Life.  Curated for people like us.;What time does New Zealand vs Namibia Rugby World Cup 2015 match start tonight and which TV‚Ä¶ http://t.co/yRZOVLHItb http://t.co/rSR5xdGkFa;Thu Sep 24 14:53:24 CEST 2015;rugby;-1
647031076448108544;‡∏°‡πà‡∏∞‡∏ä‡πà‡∏≤‡∏¢‡∏î‡∏≤‡∏£‡∏≤ ‡∏°‡πà‡∏∞‡∏ä‡πà‡∏≤‡∏¢‡∏®‡∏¥‡∏•‡∏õ‡∏¥‡∏ô ‡∏°‡πà‡∏∞‡∏ä‡πà‡∏≤‡∏¢‡∏≠‡∏≤‡∏£‡πå‡∏ï‡∏ï‡∏¥‡∏ä ‡πÅ‡∏ï‡πà‡∏Ç‡πâ‡∏≤‡∏Ñ‡∏∑‡∏≠ ‡∏ß‡∏¥‡∏®‡∏ß‡∏∞‡πÄ‡∏Å‡∏£‡∏µ‡∏¢‡∏ô !! ‡πÅ‡∏Æ‡∏£‡πà [ Engineer at SAB][I love ArsenaL*The Gns Th ]Contact info [IG - Aarongirl_Pookkii];RT @BBCSport: The Hit looks back at #SCO's 45-10 victory over #JPN. #RWC2015 Watch here http://t.co/OZq30S8neV http://t.co/ailpGlATQI;Thu Sep 24 14:53:24 CEST 2015;rugby;-1
647031068894343168;Business , forex , trading & local Singapore News #forex #trading #business;Forexguruking : #worldnews Wales warned over training breach: World Rugby warns Wales for ‚Ä¶ http://t.co/c4O9dd4ls8 http://t.co/sgWKtfbXso;Thu Sep 24 14:53:22 CEST 2015;rugby;-1
647031059951939584;i want to fly high and forget the world, I am brave 3;@xRastroRebel bwahahahah I can't stop laughing NAKAKALOKA ITAPON YAN SA BANGIN LESHE! RUGBY PA TE GV LOL... #STAYSTRONGRASTRO;Thu Sep 24 14:53:20 CEST 2015;rugby;-1
647031057200451584;;RT @BBCSport: FT #SCO 45-10 #JPN  Scotland score five second-half tries in their #RWC2015 opener  http://t.co/voZGcSc4YE #bbcrugby http://t‚Ä¶;Thu Sep 24 14:53:19 CEST 2015;rugby;-1
647031056542101504;Dixie Arms Hotel, en-suite rooms, Italian restaurant with wood fired oven, function room, bar, beer garden, Market Bosworth, Midlands Leicestershire, CV13 0JW;This Saturday (26th September) in the Rugby World Cup ENGLAND V Wales. We will be showing the game in the bar. KO... http://t.co/xfYfky79yK;Thu Sep 24 14:53:19 CEST 2015;rugby;-1
647031056067989504;The ultimate in the automotive and xtreme lifestyle! advertising or media inquiries email hoss@torquedmag.com, to submit pics use #torquednation;ROLLS-ROYCE MOTOR CARS UNVEILS BESPOKE ‚ÄòWRAITH‚Äô ‚Äì HISTORY OF RUGBY‚Äô http://t.co/uDI4nl8UFJ;Thu Sep 24 14:53:19 CEST 2015;rugby;-1
647031054705000448;Freedom Leisure operate 7 centres across Brighton & Hove on behalf of BHCC;Think you have what it takes to train like an @AllBlacks ? See what you can take for your next gym session https://t.co/IpSJxa5Erc #Rugby;Thu Sep 24 14:53:19 CEST 2015;rugby;-1
647031047889117184;Èñ¢Ë•øÂ§ñÂ§ß  3rd  ‚ô°Dance/‰∏ä„É∂ÂéüÔæóÔΩ∏ÔæûÔæãÔæûÔΩ∞ÔΩ∏ÔæóÔæåÔæû(MG)/Rugby/Music/HCR/KAZAKY/Maroon5/BIGBANG‚ô°;RT @Celebinfo4: ÁèæÂú®ÈñãÂÇ¨‰∏≠„ÅÆ„É©„Ç∞„Éì„Éº„ÉØ„Éº„É´„Éâ„Ç´„ÉÉ„Éó #RWC2015 „Ç™„Éº„Éó„Éã„É≥„Ç∞„ÅØ „Ç™„Éº„É´„Éñ„É©„ÉÉ„ÇØ„Çπ„ÅÆ„Äå„Éè„Ç´„Äç #NZLvARG #„Åã„Å£„Åì„ÅÑ„ÅÑ„Å®ÊÄù„Å£„Åü„ÇâRT http://t.co/hXUBELFY3o;Thu Sep 24 14:53:17 CEST 2015;rugby;-1
647031046077333504;One For The Lads .. Girls. BOOBS, Lads Humor, More BOOBS, Football. BEER, Ex GF, Selfies, MORE boobs  - SEND US YOUR PICS oneforthelads@outlook.com;Up To ¬£200 First Deposit Bonus! Join bet365 now http://t.co/UKCRsnFDVo #football #golf #f1 #rugby http://t.co/FaEuS6mqcp;Thu Sep 24 14:53:17 CEST 2015;rugby;-1
647031045850730498;#sixnations #rugby #news #rugbynews for the #rugbyfamily #uk #england #ireland #scotland #wales #rfu #wru #6Nations;11 ways to encourage your customers to share your content https://t.co/NdJ74WoiJI;Thu Sep 24 14:53:17 CEST 2015;rugby;-1
647031043703214080;News aggiornate e Approfondimenti sul Rugby Italiano ed estero. Tutte le categorie e i Campionati.;üèà Rugby - Italia, contro il Canada quattro cambi: Castrogiovanni in panchina... #rugby #sport http://t.co/mxCB20qBTP;Thu Sep 24 14:53:16 CEST 2015;rugby;-1
647031042742878208;Follow us for Great Greyhound Tips   and bookies offers #greyhounds #dogs;Up To ¬£200 First Deposit Bonus! Join bet365 now http://t.co/o055R7TOmj #football #golf #f1 #rugby http://t.co/BG5arFCwbh;Thu Sep 24 14:53:16 CEST 2015;rugby;-1
647031040331153408;Free Promo for your NorthEast Business. Include #nebizpromo for a retweet. Recommend other fab NE Biz using #ONEBiz Run by @NBSAssist RTs are not endorsements;RT @TyneTeesWear: TyneTeesWear News: Travel information for the Rugby World Cup http://t.co/sigoa7WlDV #metro #nefollowers;Thu Sep 24 14:53:15 CEST 2015;rugby;-1
647031040092041216;Here you wil find all the latest FREE offers from all leading online casinos - Free Spins, Free Money, please RT our tweets to your friends;Up To ¬£200 First Deposit Bonus! Join bet365 now http://t.co/4fJBoDgVng #football #golf #f1 #rugby http://t.co/Q4z5MfKUNH;Thu Sep 24 14:53:15 CEST 2015;rugby;-1
647031038066171904;Puisque je vous dis que je n'en veux pas. Pas de ligne Twitteriale non plus.;@jfhenric @jsarda66 mis√®re...  http://t.co/Lu6TRqr4pG http://t.co/zXwBa7WOkc;Thu Sep 24 14:53:15 CEST 2015;rugby;-1
647031037592268800;We offer the latest & hottest products/promotions from Bet365 - No1 in Betting;Up To ¬£200 First Deposit Bonus! Join bet365 now http://t.co/Vi31wlMgEo #football #golf #f1 #rugby http://t.co/eJeUBL7ojk;Thu Sep 24 14:53:15 CEST 2015;rugby;-1
647031034815623170;Here you will find all the latest offers from Bookies, FREE CASH, FREE BETS to Bash The Bookies with  http://t.co/leCYWovqUQ;Up To ¬£200 First Deposit Bonus! Join bet365 now http://t.co/HefDs0P3Oj #football #golf #f1 #rugby http://t.co/FmJvN9dHht;Thu Sep 24 14:53:14 CEST 2015;rugby;-1
647031032210956288;The Number #1 place for FREE bets, FREE tips from all leading bookies - Get a FREE ¬£200 Matched Bet now - http://t.co/xB9jDJPI6M;Up To ¬£200 First Deposit Bonus! Join bet365 now http://t.co/q55PDq99xZ #football #golf #f1 #rugby http://t.co/eiL9HBCMje;Thu Sep 24 14:53:13 CEST 2015;rugby;-1
647031018495590400;[retweets are not endorsements];RT @Scotlandteam: Not only did the Scots beat Japan 45-10, they also smashed some long-held records >>> http://t.co/ZUxicjuCZZ #AsOne http:‚Ä¶;Thu Sep 24 14:53:10 CEST 2015;rugby;-1
647031017484722176;Sarmiento, Alberdi y Roca.Libertad, libertad, libertad.;Alguno shabe shi hoy she juega alg√∫n partido del Mundial de Rugby y en donde los pashan? (Tuiteo como Albanese).;Thu Sep 24 14:53:10 CEST 2015;rugby;-1
647031013273665536;| Insta: @kosiochain  #‚úà #TheRoadLessTraveled...;Wales warned over back-up players partaking in training #cheeky http://t.co/LCWh8aa1he via @IrishTimesSport;Thu Sep 24 14:53:09 CEST 2015;rugby;-1
647031009607856128;;RT @LAVOZcomar: Mir√° las 10 cosas que el f√∫tbol puede aprender del rugby, en esta nota: http://t.co/xZjBeZMvpq  V√≠a @mundo_D http://t.co/MN‚Ä¶;Thu Sep 24 14:53:08 CEST 2015;rugby;-1
647031009502961664;Bienvenue sur le compte Twitter du Minist√®re de la D√©fense #MINDEF #MinDef #SEDACM;RT @clairegsz: @FFRugby le XV du Pacifique fait son entr√©e au Centre National de Rugby @gillesmege http://t.co/1zdT58HOdS;Thu Sep 24 14:53:08 CEST 2015;rugby;-1
647031008815022080;#sixnations #rugby #news #rugbynews for the #rugbyfamily #uk #england #ireland #scotland #wales #rfu #wru #6Nations;11 ways to encourage your customers to share your content https://t.co/NdJ74WoiJI http://t.co/UvK2XYJOhU;Thu Sep 24 14:53:08 CEST 2015;rugby;-1
647031005312872448;Facebook: Lying to people you know.  Twitter: Honest to people you don't know.  PS: GO SAAAKS!!!  Ons braai NOU!;RT @CNNAfrica: Namibian dentists, farmers and traders are about to face the All Blacks: http://t.co/3iRPHv3Fx9 #NZLvNAM #RWC2015 http://t.c‚Ä¶;Thu Sep 24 14:53:07 CEST 2015;rugby;-1
647031005061230592;;Wales warned over training breach http://t.co/d7RftrUMXF;Thu Sep 24 14:53:07 CEST 2015;rugby;-1
647030996051853312;;RT @PvSerena553: Rugby World Cup Pool C Guide: All you need to know about New Zealand, Argentina, Tonga, Georgia and Namibia;Thu Sep 24 14:53:05 CEST 2015;rugby;-1
647030994965430272;We have started this blog to cover the best rugby action all over the planet.  Email us @ contact@getrealrugby.com;'I had a hatred for the English jersey' http://t.co/XWdKlBbs7Z http://t.co/O0IhbfYXJ5;Thu Sep 24 14:53:05 CEST 2015;rugby;-1
647030988250345472;NUBS ASR/„Åè„Çã„Åø„ÇØ„É©„Éñ;@nessshi @Dokatter „Å¶„Åã„ÄÅ„Å≠„Åé„Åó„Çπ„Éº„ÉÑ„Åò„ÇÉ„Å™„ÅÑ„ÇàÂ•≥ÊÄß„ÅØÔºÅ;Thu Sep 24 14:53:03 CEST 2015;rugby;-1
647030987805822976;Official account of the UKZN Westville Campus Rugby Team. We play in the Varsity Shield and 5th Division League. We are the #UKZNBlueStallions!!;@UKZN_WST cc @UKZN_Rugby @UKZNHC @SolontsiCzoh @saneh31 @YMdolomba @_Nerlla #RugbyThatRocks;Thu Sep 24 14:53:03 CEST 2015;rugby;-1
647030971724906496;uhm.. A laidback, loyal, lazy & lovable dude..;@Eddie_Rugby Atleast he's on the bench bra;Thu Sep 24 14:52:59 CEST 2015;rugby;-1
647030969749389313;Oizo2Voyage & AdepteDuJeu;RT @RugbyramaFR: Entendu √† Londres: "Faire l‚ÄôA/R de Paris pour voir un match comme √ßa, c‚Äôest frustrant" http://t.co/Hi1AhkIglA http://t.co/‚Ä¶;Thu Sep 24 14:52:59 CEST 2015;rugby;-1
647030963638259712;One of Connecticut's premier rugby clubs. Established in 1966 and currently playing in D2. New players welcome.;Hartford Wanderers vs Burlington Rugby 9/19/2015 https://t.co/sWi3wWwQ9l via @YouTube;Thu Sep 24 14:52:57 CEST 2015;rugby;-1
647030963084623873;;RT @MilkItGB: RT & FOLLOW to #WIN a Milk It tee & #RWC2015 ball! #comp ends 24th Sept 5pm T&Cs http://t.co/3ikSbZK2WH http://t.co/PryqC1jxas;Thu Sep 24 14:52:57 CEST 2015;rugby;-1
647030952028426240;Engineer, semi retired director, investor, trader and family guy.;@Trader1137 Indeed life can be really good can't it? As long as no rugby against Japan or cricket against Bangladesh!;Thu Sep 24 14:52:54 CEST 2015;rugby;-1
647030949700485120;Hindustani~Enjoyneer~MBA~Foodie~EDMGeneration~House~Trance~Deep~Techno~Psy~MUFC~Nadal~F1~Cricket~Hockey~Movies~Gamer~Retweeter~Influencer;RT @SkySportsRugby: Wales receive official warning over including non-squad players in training sessions. http://t.co/eJWDhJCGI5 http://t.c‚Ä¶;Thu Sep 24 14:52:54 CEST 2015;rugby;-1
647030948391989248;‚Ä¢ York's Newest, Largest and Most Luxurious Gentlemen's Club & Whisky Lounge ‚Ä¢ ‚Ä¢ Open 7 Nights A Week ‚Ä¢;We're enjoying all the #RWC2015 hype! Obviously we're backing @EnglandRugby #ENG 100% of the way! #Patriotic #Rugby #CarryThemHome;Thu Sep 24 14:52:54 CEST 2015;rugby;-1
647030930314424320;ocean of the world, (BBM 7F85DB49);Wales warned over training breach: World Rugby warns Wales for breaking World Cup rules by using players outsi... http://t.co/uf0IKB7NNA;Thu Sep 24 14:52:49 CEST 2015;rugby;-1
647030924824047616;Breaking news from Australia;How NRL players dodge drug tests: The NRL should use the overdoses of Dylan Walker and Aaron Gray to seriously... http://t.co/UnMtFWxZim;Thu Sep 24 14:52:48 CEST 2015;rugby;-1
647030914753634304;Possibly, no PROBABLY the most travelled Welsh rugby fan of all, and a poor man as a result.;The verdict on the Wales team to face England http://t.co/zL3VQnNnOR.   #TheWelshAreComing;Thu Sep 24 14:52:45 CEST 2015;rugby;-1
647030912253825024;BT Apprentice. Ocassional genius.;That's it. I'm a rugby fan now. Amazing experience at the World Cup last night. Count me in for more...;Thu Sep 24 14:52:45 CEST 2015;rugby;-1
647030909603082240;Game On Magazine is South Africa's most exciting FREE ONLINE SPORTS MAGAZINE that offers you up-to-date sporting news and much much more‚Ä¶;DHL Western Province change six for Pumas | http://t.co/xaOCXJV8Mp | | Rugby News, Live Scores, Results, Fixtures http://t.co/ANSgJeVvxm;Thu Sep 24 14:52:44 CEST 2015;rugby;-1
647030907866517504;Partagez mes 2 passions : le #sport, tout particulierement le #cyclisme et l'actualite des #medias : #television, #presse et #medias digitaux  #curieuse de tout;[Pilules cr√©atives] Les id√©es cr√©atives autour du rugby https://t.co/LTw503MRRA;Thu Sep 24 14:52:44 CEST 2015;rugby;-1
647030905731575808;music 4ever;RT @l1nd0a: Photo: Rugby World Cup 2015 is already breaking records after only six days * 4: http://t.co/uf2YsQRZch http://t.co/ddTJumoZ85;Thu Sep 24 14:52:43 CEST 2015;rugby;-1
647030902829264896;Conductor de La Oral Deportiva. Periodista. Profesor universitario. Abogado.  Mis tuits son personales.;La World Rugby aplica semanas de suspensi√≥n. Cambiemos el Reglamento de Transgresiones y Penas de la Afa. Quiz√° sancionen bien as√≠.;Thu Sep 24 14:52:43 CEST 2015;rugby;-1
647030901050900480;Rugby correspondent for  http://t.co/CGygwF40Er. Also a father to two great kids - and still mad on music! Contact me on simon.thomas@trinitymirror.com;RT @WalesRugby: LIVE: Gatland: "There's so much at stake... let the best team win" http://t.co/yKeDaUSgw7 http://t.co/klPdaQsU8k;Thu Sep 24 14:52:42 CEST 2015;rugby;-1
647036271928307713;All the breaking news, live scores, results and reports, fan forums/message boards and in-depth statistics for rugby fans everywhere;Find out who makes @sjamesjourno's combined #WAL - #ENG XV: http://t.co/YoVMRrYLCA http://t.co/sPjF7ctyZL;Thu Sep 24 15:14:03 CEST 2015;rugby;-1
647036267998367744;identical twin sisters,who love jesus,god saints angels,rugby union,bigfoot and paranormal matters.love film and all music,football.respect for military.royals;RT @EnglandRugby: Get into rugby with @O2Touch üèâüéµ  Find your closest session here http://t.co/cjTfbtBtsW http://t.co/5YmAHoHzDn;Thu Sep 24 15:14:02 CEST 2015;rugby;-1
647036266559750144;;RT @PasionPorRugby: porque usan topper modernas, no que el casi tiene pelotas de rugby de 1982? no entiendo. (publicidad de ford ejem ejem)‚Ä¶;Thu Sep 24 15:14:01 CEST 2015;rugby;-1
647036260394135552;Incident manager ISO new challenge. Shannon & Munster Rugby fan. Blackburn Rovers footy fan. Small Blacks tag rugby player. Other half of @pegsmyth;RT @SkySportsNewsHQ: Wales have today been issued with an official warning by World Rugby- we'll hear from Warren Gatland #SSNHQ http://t.c‚Ä¶;Thu Sep 24 15:14:00 CEST 2015;rugby;-1
647036256212361216;Brilliant, practical, effective communications and media advice and training.           admin@perris-myatt.co.uk;RT @EnglandRugby: Get into rugby with @O2Touch üèâüéµ  Find your closest session here http://t.co/cjTfbtBtsW http://t.co/5YmAHoHzDn;Thu Sep 24 15:13:59 CEST 2015;rugby;-1
647036253381132289;Football and food.;@102megan @TheMoscowSlip @nswpolice i'm so overworked atm I will need whatever those 2 rugby players took to keep me calm;Thu Sep 24 15:13:58 CEST 2015;rugby;-1
647036252240351232;Directeur Adjoint des Sports @TF1 @telefoot_TF1 @mytelefoot @automoto_TF1 @equipedefrance #fooding #capferret;http://t.co/pnBlIlBqoM;Thu Sep 24 15:13:58 CEST 2015;rugby;-1
647036249052684289;The Business of Sport - TBOS is a full-service, multi-sport management consultancy.;RT @BBCWalesSport: Wales coach Warren Gatland on World Rugby warning: "We didn't do anything we thought was underhand" http://t.co/mbKahN74‚Ä¶;Thu Sep 24 15:13:57 CEST 2015;rugby;-1
647036244426424320;Supporting WomenSport & SportsWomen worldwide - TV, social media, LIVEStream, events, ACTIVEMapX, SPORTSReports, recruitment & role models;#Rugby #Coach ¬£15 to 20 p h Kingston-Upon-Thames @RokebyPrep : Click to find out more: http://t.co/lts8d3UZ1A @WSNet;Thu Sep 24 15:13:56 CEST 2015;rugby;-1
647036239334371328;French distributor of documentary films;Ch. Vindis a accompagn√© son "Fono et ses fr√®res" √† la M√©diath. d'Aulnat mardi #rugby #Tonga http://t.co/1MUjqTPt0J https://t.co/MJIG3Bwd4Y;Thu Sep 24 15:13:55 CEST 2015;rugby;-1
647036239028162560;;RT @SkySportsNewsHQ: Wales have today been issued with an official warning by World Rugby- we'll hear from Warren Gatland #SSNHQ http://t.c‚Ä¶;Thu Sep 24 15:13:55 CEST 2015;rugby;-1
647036236410978304;Ë´´Ëæ≤‚à¥ÔºìÔº∫‚à¥ „ÄÇ ÊπòÂçó‰πÉÈ¢® ÈÄóÂ≠ê‰∏âÂÖÑÂºü love „ÄÇ&;@Atrugby0D  Êïô„Åà„Çì„ÇàÔºàÁ¨ëÔºâ;Thu Sep 24 15:13:54 CEST 2015;rugby;-1
647036224910327808;some veggie redhead who loves mallory knox, gigs, lush cosmetics & body modifications ‚úå;Good luck to @MalloryKnoxband playing Rugby today! Smash it you lot & see you in a few weeks üòÅ x;Thu Sep 24 15:13:52 CEST 2015;rugby;-1
647036223249321984;;‰∫îÈÉé‰∏∏„ÄÅÂ§ñÂõΩÂá∫Ë∫´ÈÅ∏Êâã„ÅÆÊäïÁ®ø„Å´Ë®ÄÂèä„Äå„ÇØ„É™„Ç¢„Åó„Å™„ÅÑ„Å®„ÅÑ„Åë„Å™„ÅÑÂïèÈ°å„Äç Ôºà„Çµ„É≥„Ç±„Ç§„Çπ„Éù„Éº„ÉÑÔºâ http://t.co/60ua8G3gSA;Thu Sep 24 15:13:51 CEST 2015;rugby;-1
647036219885400064;Êù±Á¶èÂ≤° „É©„Ç∞„Éì„ÉºÈÉ®        Phoenix                           Á¨ëÈ°î„Åå‰∏ÄÁï™;@rgoke „Å£„Å¶„ÅÑ„ÅÑ„Å§„Å§„ÅÆ„ÇÑ„Ççw;Thu Sep 24 15:13:50 CEST 2015;rugby;-1
647036211266125824;915ÔΩû;@rugby_1219 „Å™„Åã„Çå„Åü„Çâ‰ø∫„ÅåÂõ∞„Çã„ÇÑ„ÇìÔºÅ„Çè„Çâ;Thu Sep 24 15:13:48 CEST 2015;rugby;-1
647036197974482944;All about rugby!;RT @TheRugbyPaper: Nick Cain‚Äôs column: The haka? A sideshow not a sacred ceremony http://t.co/qu1ew8lX5e #rugbyunited #rugby @RugbyNZ_ http‚Ä¶;Thu Sep 24 15:13:45 CEST 2015;rugby;-1
647036191036960768;YMÈ´ò2612‚ñ∂Ô∏é„É©„Ç∞„Éì„ÉºÈÉ®ÔºÉ5‚ñ∂Ô∏é Á•ûÊ¥• ‚ñ∂Ô∏éfollow me‚ò∫Ô∏é;„Å™„Å´„Åø„Å¶„Çì„Å†„Åì„Çâ http://t.co/D9RaR81Kc1;Thu Sep 24 15:13:43 CEST 2015;rugby;-1
647036188356820992;;„É©„Ç∞„Éì„Éº„ÇíÊÑõ„Åô„Çã„Äå„É©„Ç∞Â•≥„Äç„ÅåÂ¢óÂä†‰∏≠ÔºÅË≤¥ÂÖ¨Â≠ê„Éª‰∫îÈÉé‰∏∏ÈÅ∏Êâã„Å£„Å¶Ôºü„Åì„Çå„ÅØ„Éè„Éû„Çã„Åã„ÇÇ‚ô°http://t.co/aeOjQi4Y3x „ÄÄhttp://t.co/XhvpppBRJV  #„É©„Ç∞Â•≥„ÄÄ#rugby http://t.co/P4gdYOfuoE;Thu Sep 24 15:13:43 CEST 2015;rugby;-1
647036186284830720;ÊúÄËøë„Çâ„Åô„Åè„Çà„Åü„ÅÆ„Åó„ÅÑ;@kude_BM_rugby „ÅÇ„Çä„Åå„Å®„ÅÜ„ÅÜ„ÅÜ„ÅÜÔºÅ;Thu Sep 24 15:13:42 CEST 2015;rugby;-1
647036184804233216;;PSA : ¬´Certains comportements ne sont pas acceptables¬ª http://t.co/6srK56PFcO #FlashSport;Thu Sep 24 15:13:42 CEST 2015;rugby;-1
647036183571070977;;8,6 millions de t√©l√©spectateurs devant France-Roumanie http://t.co/aP9YmPtDvo #FlashSport;Thu Sep 24 15:13:42 CEST 2015;rugby;-1
647036182136791040;Non-performing man;@sam_ravenscroft as of Saturday I will be. Fancy catching the Rugby that evening?;Thu Sep 24 15:13:41 CEST 2015;rugby;-1
647036173848834048;Purveyors of the Finest;Join us tonight for the rugby kick of at 8pm http://t.co/8D0hYYHcP5;Thu Sep 24 15:13:39 CEST 2015;rugby;-1
647036172959547392;Live rugby feeds from the top rugby websites;England vs Wales, Rugby World Cup: Stuart Lancaster insists he has not ... - http://t.co/rKGdeBvjJu http://t.co/Kp64w7mSof #WelshRugby;Thu Sep 24 15:13:39 CEST 2015;rugby;-1
647036171915137024;Live rugby feeds from the top rugby websites;Rugby World Cup 2015: Wales warned over training breach - BBC Sport http://t.co/CZN2BH1Bzl #WelshRugby;Thu Sep 24 15:13:39 CEST 2015;rugby;-1
647036170979815424;Live rugby feeds from the top rugby websites;England v Wales team announcement LIVE: Breaking news as Gatland explains ... - WalesOnline http://t.co/nHvaCynp1V #WelshRugby;Thu Sep 24 15:13:39 CEST 2015;rugby;-1
647036170015129601;Live rugby feeds from the top rugby websites;Shane Williams gives 'too small' rugby player top pep talk - BBC News http://t.co/IJHZn20aGp #WelshRugby;Thu Sep 24 15:13:38 CEST 2015;rugby;-1
647036168970764288;Live rugby feeds from the top rugby websites;Wales' Webb out for '6 to 8 months' - ESPN http://t.co/GATAJ7EeXa #WelshRugby;Thu Sep 24 15:13:38 CEST 2015;rugby;-1
647036158715785216;;RT @RugbyNewsAR: #Rugby ‚ÄòWe‚Äôre not frightened by All Blacks,‚Äô insists Namibia‚Äôs Theuns Kotze http://t.co/luFpPldCZm;Thu Sep 24 15:13:36 CEST 2015;rugby;-1
647036150985551872;;Olha s√≥ a evolu√ß√£o do Haka! <3  #RUGBY http://t.co/4rA0dTD2H6;Thu Sep 24 15:13:34 CEST 2015;rugby;-1
647036149798584320;;George Ford "devastated" by England omission, Wales investigated by World Rugby, All Blacks on the tube, plus more. http://t.co/8mQNsdg0Pl;Thu Sep 24 15:13:34 CEST 2015;rugby;-1
647036148326514688;Sound engineer,  occasional production manager, gaffer and chief cable de-knotter. All a lot more boring than even that sounds...;@maxd80 Where's the rugby in this picture?;Thu Sep 24 15:13:33 CEST 2015;rugby;-1
647036145075888128;LET IT GOoo!;RT @YPSport: YP's @NWestbyYPSport & @DCravenYPSport discuss #RWC2015 so far & preview #ENGvWAL http://t.co/in2S1kLFuC #yplive http://t.co/V‚Ä¶;Thu Sep 24 15:13:32 CEST 2015;rugby;-1
647036144249630720;LET IT GOoo!;RT @EnglandRugby: Get into rugby with @O2Touch üèâüéµ  Find your closest session here http://t.co/cjTfbtBtsW http://t.co/5YmAHoHzDn;Thu Sep 24 15:13:32 CEST 2015;rugby;-1
647036140957138944;La Rivista online di Torino edita dall'Associazione Culturale Borgo Dora - C.so Giulio Cesare 3, 10152, Torino - Tel. 320.186.1523 / 348.363.5653;Rugby http://t.co/2KxqlMrUrI;Thu Sep 24 15:13:32 CEST 2015;rugby;-1
647036140223008768;#Misfit #rugby;I am skipping seminary to watch these rugby highlights FAWKYOUMEAANüò¥;Thu Sep 24 15:13:31 CEST 2015;rugby;-1
647036138729902081;I don't hate anybody!;RT @YPSport: YP's @NWestbyYPSport & @DCravenYPSport discuss #RWC2015 so far & preview #ENGvWAL http://t.co/in2S1kLFuC #yplive http://t.co/V‚Ä¶;Thu Sep 24 15:13:31 CEST 2015;rugby;-1
647036137899454464;I don't hate anybody!;RT @EnglandRugby: Get into rugby with @O2Touch üèâüéµ  Find your closest session here http://t.co/cjTfbtBtsW http://t.co/5YmAHoHzDn;Thu Sep 24 15:13:31 CEST 2015;rugby;-1
647036136766996480;;RL: Rom√¢nia a fost √ÆnvinsƒÉ de Fran≈£a, la Cupa MondialƒÉ de rugby ¬ª ClujToday.ro - Quality news: http://t.co/ZJjMlFh6rA;Thu Sep 24 15:13:31 CEST 2015;rugby;-1
647036134103588864;I can't get over you;RT @YPSport: YP's @NWestbyYPSport & @DCravenYPSport discuss #RWC2015 so far & preview #ENGvWAL http://t.co/in2S1kLFuC #yplive http://t.co/V‚Ä¶;Thu Sep 24 15:13:30 CEST 2015;rugby;-1
647036133742878720;;RT @SkySportsRugby: Wales receive official warning over including non-squad players in training sessions. http://t.co/eJWDhJCGI5 http://t.c‚Ä¶;Thu Sep 24 15:13:30 CEST 2015;rugby;-1
647036133340278785;I can't get over you;RT @EnglandRugby: Get into rugby with @O2Touch üèâüéµ  Find your closest session here http://t.co/cjTfbtBtsW http://t.co/5YmAHoHzDn;Thu Sep 24 15:13:30 CEST 2015;rugby;-1
647036130039361536;I'll be gone;RT @YPSport: YP's @NWestbyYPSport & @DCravenYPSport discuss #RWC2015 so far & preview #ENGvWAL http://t.co/in2S1kLFuC #yplive http://t.co/V‚Ä¶;Thu Sep 24 15:13:29 CEST 2015;rugby;-1
647036129204662272;I'll be gone;RT @EnglandRugby: Get into rugby with @O2Touch üèâüéµ  Find your closest session here http://t.co/cjTfbtBtsW http://t.co/5YmAHoHzDn;Thu Sep 24 15:13:29 CEST 2015;rugby;-1
647036126637637632;„ÉÄ „Ç§ „Ç® „ÉÉ „Éà;@ChihiRo_Rugby „Åù„ÅìÈáçË¶Å„ÉØ„É© ‰∏ÄÂõû‰πó„Å£Âèñ„Çâ„Çå„Åü„ÅÑÔºàÁ¨ëÔºâ;Thu Sep 24 15:13:28 CEST 2015;rugby;-1
647036126222528513;Ferro se malha enquanto est√° quente.;RT @YPSport: YP's @NWestbyYPSport & @DCravenYPSport discuss #RWC2015 so far & preview #ENGvWAL http://t.co/in2S1kLFuC #yplive http://t.co/V‚Ä¶;Thu Sep 24 15:13:28 CEST 2015;rugby;-1
647036125236862976;Ferro se malha enquanto est√° quente.;RT @EnglandRugby: Get into rugby with @O2Touch üèâüéµ  Find your closest session here http://t.co/cjTfbtBtsW http://t.co/5YmAHoHzDn;Thu Sep 24 15:13:28 CEST 2015;rugby;-1
647036122233741312;Boa romaria faz, quem em casa fica em paz;RT @YPSport: YP's @NWestbyYPSport & @DCravenYPSport discuss #RWC2015 so far & preview #ENGvWAL http://t.co/in2S1kLFuC #yplive http://t.co/V‚Ä¶;Thu Sep 24 15:13:27 CEST 2015;rugby;-1
647036121499738112;Boa romaria faz, quem em casa fica em paz;RT @EnglandRugby: Get into rugby with @O2Touch üèâüéµ  Find your closest session here http://t.co/cjTfbtBtsW http://t.co/5YmAHoHzDn;Thu Sep 24 15:13:27 CEST 2015;rugby;-1
647037097094856704;Radio On Line. Somos DEPORTES y ROCK. ¬øPeriodista o dirigente deportivo?. √önete a nuestra red...  Director: @gcrisostomoh;Mundial de Rugby: Argentina se jugar√° con algunas bajas el paso a cuartos  este viernes con Georgia;Thu Sep 24 15:17:19 CEST 2015;rugby;-1
647037097027747840;Ing√©nieur Syst√®me. Passionn√© par tout, JdP, JdR, JV, Retrogaming, Manga, trollball, les lapins, les carreaux,... ! =^_^= Ex-membre CA @WarpZone54 #TeamCroissant;@_synchrogazer oui T_T et des pubs a des moments random. Regarder un match de rugby et la pub au milieu de l'hymne national et d'un essai;Thu Sep 24 15:17:19 CEST 2015;rugby;-1
647037095102558209;Lovell Rugby is the Worlds largest online rugby store offering an unrivalled range of rugby products including rugby shirts, rugby boots and rugby protection.;Good luck to @Nabasboer & @RugbyNamibia tonight!  Read about #NAM's #RWC2015 prep #TheOffload http://t.co/soWISxvka2 http://t.co/H5vVzadZjC;Thu Sep 24 15:17:19 CEST 2015;rugby;-1
647037092300738560;High altitude #training center in Ethiopia and Elite Athlete Management. Clients from the #MiddleEast and #NorthAfrica. Motivation, Passion, Inspiration.;Namibian dentists, farmers and traders ready to face All Blacks http://t.co/qTyTx5lvOJ #sports #athletics #athletic;Thu Sep 24 15:17:18 CEST 2015;rugby;-1
647037065759211521;I Don't Speak Low IQ.;I'm lowkey gonn study everything I can about rugby right before the game.;Thu Sep 24 15:17:12 CEST 2015;rugby;-1
647037060587618304;21 | GT - oGingeee | i love McDonalds;@TheOnlyAndino_ always Wales for me in rugby aha üôãüèº;Thu Sep 24 15:17:11 CEST 2015;rugby;-1
647037054719803392;Twitter oficial del club XV Rugby Murcia;Si tienes entre 14-18 a√±os hoy puedes venir a entrenar con nosotros.Campo de #Rugby de La Raya. #Murcia #Deportes http://t.co/suBl3QpzsG;Thu Sep 24 15:17:09 CEST 2015;rugby;-1
647037036407484416;The Sport Newsdesk.  More than just the news.   Aggregating the news,  so that you don't have to.  For contact, please tweet the @NewsdeskEDITOR;Rugby World Cup 2015: Wales warned over training breach - BBC Sport http://t.co/kePiahnNFM;Thu Sep 24 15:17:05 CEST 2015;rugby;-1
647037035786694657;More than the most famous rugby pub in the world! Legendary for worlds rugby fans, also Twickenham's friendly local. Great Beer, Delicious food, Quality wine.;It's a great read guys! Just trying to help spread the rugby love.... Available here now!  https://t.co/4pbBpoHi6k;Thu Sep 24 15:17:05 CEST 2015;rugby;-1
647037034956107776;;Ëã±Ë™û„ÅÆrugger„ÅØ„ÄÅrugby„ÅÆËã±Âè£Ë™û„Åß„Åô„ÄÇ„ÄåÈÅ∏Êâã„ÇíÊÑèÂë≥„Åó„Å™„ÅÑ„Äç„ÄÇÁ∂¥„Çä„ÅÆ‰∏ä„Åã„Çâ„ÇÇÈÅ∏Êâã„ÇíÊÑèÂë≥„Åô„Çã„ÅÆ„ÅØÈñìÈÅï„ÅÑ„ÄÇ„É©„Ç¨„Éº„ÇíÈÅ∏Êâã„ÅÆÊÑèÂë≥„Åß‰ΩøÁî®„Åô„Çã„ÅÆ„ÅØ„ÄÅÂ≠£Ë™û„Å®„Åó„Å¶„ÇÇË™ç„ÇÅ„Çâ„Çå„Åæ„Åõ„Çì„ÄÇÔºÉ‰ø≥Âè•  „É©„Ç¨„ÉºÁ≠â„ÅÆ„Åù„ÅÆ„Åã„Å°Ê≠å„ÅÆ„Åø„Å¢„Åã„Åë„Çå„ÄÄ„ÅØ„ÄÅ „É©„Ç¨„Éº„Éû„É≥„Åù„ÅÆÂãù„Å°Ê≠å„ÅÆ„Åø„Å¢„Åã„Åë„Çå„ÄÄ„Å´ÊîπË®Ç„Åô„Çå„Å∞ËâØ„ÅÑ„ÅÆ„Åß„Åô„ÄÇ;Thu Sep 24 15:17:05 CEST 2015;rugby;-1
647037030417960962;A level Student, Optical Advisor x;Incredibly jealous of everyone who's going out for the rugby, Saturdayüò©;Thu Sep 24 15:17:04 CEST 2015;rugby;-1
647037030195699712;Independent Roman Catholic rural Prep School welcoming boys and girls of all faiths aged 3 - 13 as boarders or day pupils. Rated 'Excellent' in all areas by ISI;Never mind the World Cup - rugby season got off to a great start with a fantastic match against Beechen Cliff #rugby http://t.co/zk8sEJAWnr;Thu Sep 24 15:17:04 CEST 2015;rugby;-1
647037029604130816;follow me„Äú( *Àò ¬≥Àò)‚ô°‚ô°‚ô°Ê•Ω„Åó„ÅÑ„Åì„Å®ÂÖ®Âäõ„ÅßÊ•Ω„Åó„Åø„Åæ„Åô¬®ÃÆ‚ëÖ*¬®ÃÆ‚ëÖ*¬®ÃÆ‚ëÖ*ÁâáÊÉ≥„ÅÑ„ÅØ„Åø„Å§„Åë„Çã„ÇÇ„Çì„Åò„ÇÉ„Å™„ÅÑÁèæ„Çå„Çã„ÇÇ„Çì„ÇÑÂ§öÂàÜ(‚âß‚àá‚â¶)„ÅÇ„Å£Â∞ÜÊù•ÁæéÂÆπÈñ¢‰øÇ„Åô„Åπ„Å¶„Çí„ÄÅ„ÇÑ„Å£„Å¶„Åø„Åü„ÅÑ‚ô°*„Çú„Å®„Çä„ÅÇ„Åà„Åö„ÄÅÁæéÂÆπÈô¢ „ÄÅ„É°„Ç§„ÇØ„Ç¢„ÉÉ„Éó„ÄÅ„Ç™„Ç§„É´„Éû„ÉÉ„Çµ„Éº„Ç∏„ÄÅÁà™„ÅÆ„ÇÑ„Å§Á¨ë „Å®„Åã„Å®„Åã„ÅÑ„Å£„Å±„ÅÑ„ÅÇ„Çã„Åã„Çâ„Åì„Å§„Åì„Å§Ëã•„ÅÑ„ÅÜ„Å°„Åã„Çâ„ÇÑ„Å£„Å¶„ÅÑ„Åç„Åæ„Åô·ôèÃ§Ã´;@Rugby_so7 „Åª„Çì„Åæ„Å´Á¨ëÁ¨ë „Çä„Åã„ÅØ„ÅÇ„Å™„Åü„ÅÆ„Åã„ÇÇ„Åò„ÇÉ„Å≠„Åáüòé Ë≤ØÈáë„Åô„Çã„Å≠„Çì‚úåüí´;Thu Sep 24 15:17:03 CEST 2015;rugby;-1
647037028757032960;Rugby quotes, motivation and exercises for young players;80 minutes. 15 positions. No protection. #Rugby;Thu Sep 24 15:17:03 CEST 2015;rugby;-1
647037024000712704;News and events from the team at Majestic Reigate;Pick up some Camden Pale ales for the Rugby this weekend! In convenient coming fourth to "carry me home" 6 pack carriers #swinglow...;Thu Sep 24 15:17:02 CEST 2015;rugby;-1
647037023329644544;Stylist, Believer, Green building lover, Gender Activist, Tape therapist.;Australian star has 'seen enough of Haka' http://t.co/iqIH5uTHKC http://t.co/YwD4uDRiYW;Thu Sep 24 15:17:02 CEST 2015;rugby;-1
647037019122741248;Lancastrian exiled in Yorkshire. Writer for CricketEurope & data analyst in the day job. Views my own.;@PaulFrame85 South Africa's bid to host the 2017 RL World Cup fell down when the Union board there insisted they should run Rugby League.;Thu Sep 24 15:17:01 CEST 2015;rugby;-1
647037013095395329;Â§ßÈò™ÂõΩÈöõÂ§ßÂ≠¶ ‰∫∫ÈñìÁßëÂ≠¶ÈÉ® ‰∫∫ÈñìÂÅ•Â∫∑Â≠¶Áßë 1ÂõûÁîü„É©„Ç∞„Éì„Éº„Åó„Å¶„ÅÑ„Åæ„Åô„ÄÇ„Éï„Ç©„É≠„ÉºÂæÖ„Å£„Å¶„Åæ„ÅôÔºÅÔºÅ„Åì„Å£„Å°„ÇÇ„Çà„Çç„Åó„ÅèÔºÅ‚Üí@shimo_0224;„Çä„ÇÖ„Éº„Å®„ÅÆ„Åõ„ÅÑ„Åß ÂØù„Çå„Å∏„Çì„ÇÑ„Çìüò±üò±Á¨ëÁ¨ë;Thu Sep 24 15:16:59 CEST 2015;rugby;-1
647037005629661184;Princess Pumba ~ Insta: pipppae_sw;RT @SkySportsRugby: England 's Sam Burgess ready for the biggest test of his union career against Wales: http://t.co/YUwOZnToqR http://t.co‚Ä¶;Thu Sep 24 15:16:58 CEST 2015;rugby;-1
647037005466107904;The multi award-winning MyLondonHome team's Twitter - Passionate about London property - Sales, Rentals, Investments & Advice Tweets from the team!;RT @visitlondon: Soak up the atmosphere and be a part of the #RWC2015 at these fanzones across London http://t.co/XZIhuYgY04 http://t.co/kP‚Ä¶;Thu Sep 24 15:16:58 CEST 2015;rugby;-1
647037000277696512;Satellite uplinks, media fibre, streaming,  IP, teleport services and an award-winning satellite product range.;RT @HLWhitehouse: Today we reveal the winner of our signed England rugby  ball @SIS_LIVE  #rwc2015 http://t.co/nTjwXLMH42;Thu Sep 24 15:16:56 CEST 2015;rugby;-1
647036991498928128;News &Views around the world;Samoa bring in Stanley for 'Boks in RWC15: Samoa's have named their team for the vital Rugby World Cup game ag... http://t.co/62eaDOIsz5;Thu Sep 24 15:16:54 CEST 2015;rugby;-1
647036990555324416;Smart yet Simple. Humorist. Lover of Peeps Animals Earth Environment Culture Music Sports. #TBI #Spoonie #Startup fund will aid people in #crisis with #poverty.;RT @1Georden: You can also see my images on Flickr at: https://t.co/2mB3h5XiwR #football #Newcastle #waterfalls #birds #rugby and more!;Thu Sep 24 15:16:54 CEST 2015;rugby;-1
647036988286238720;Generally happy Canadian living in UK. Own views on #highered, #rugby,#rowing, #LeafsNationUK etc. Enjoys water & other elements.;RT @NickEntwistle: Feeding my rugby geek this lunchtime: http://t.co/x0OizRPW6L exceptionally thorough analysis of Ireland's breakdown/ruck‚Ä¶;Thu Sep 24 15:16:54 CEST 2015;rugby;-1
647036985144668160;Journaliste @RFI-en charge des Nouveaux m√©dias, Direction de Radio France Internationale;Le #Japon, l'autre pays du #rugby http://t.co/1qEO0pIepi @RFI;Thu Sep 24 15:16:53 CEST 2015;rugby;-1
647036984091910144;;RT @MemorabiliaRep: ‚öΩ 3D TV, Rugby World Cup & Premier League COMPETITION üèâ FOLLOW Retweet Like& Share 2nd@ https://t.co/e1EVjgxLxL ‚Ä¶ http:‚Ä¶;Thu Sep 24 15:16:53 CEST 2015;rugby;-1
647036976781131776;;RT @SakuraTkyy: Ë≤†„Åë„Å¶„ÇÇÂøÉ„ÇíÂ•™„Çè„Çå„Çã„ÄÇ„Åù„Çì„Å™„ÉÅ„Éº„É†„Åß„ÅÇ„Å£„Å¶Ê¨≤„Åó„ÅÑ„ÄÇ #JapanWay #rugby #„É©„Ç∞„Éì„Éº;Thu Sep 24 15:16:51 CEST 2015;rugby;-1
647036973908127745;17 // Newcastle upon Tyne // composer, pianist, choral singer, baker, grey jumper enthusiast;Have the opportunity to sing the national anthem at the Rugby World Cup which would be cool, but I rlly don't dig patriotism - dilemmas;Thu Sep 24 15:16:50 CEST 2015;rugby;-1
647036968442986496;Nostolgia runs deep in my veins. game developers musical composures and progammers have a knack of catching the spirit of a time gone by and i love it!;I¬†scored¬†120¬†Pts¬†in¬†#TinyRugby!!!¬†http://t.co/0sXYd5JbQS¬†#iOS¬†#Rugby¬†#RWC15¬†#RWC;Thu Sep 24 15:16:49 CEST 2015;rugby;-1
647036962864500736;;RT @MemorabiliaRep: ‚öΩ 3D TV, Rugby World Cup & Premier League COMPETITION üèâ FOLLOW Retweet Like& Share 2nd entry@ /memorabiliarepublic http‚Ä¶;Thu Sep 24 15:16:47 CEST 2015;rugby;-1
647036960767389697;Fashion/Textiles student ‚Ä¢;It funny when your mam screams the rugby and obvs they can't hear you through the TV screen LIKE STOP SHOUTING #RugbyWorldCup;Thu Sep 24 15:16:47 CEST 2015;rugby;-1
647036958137413632;|| Yokohama || || HinominamiJ.H.S || || Rugirl || ‚ù•‚ù•‚ù• Rugby + Âá∏ÂáπÔΩ∫ÔæùÔæãÔæû„Äê@fujijuka„Äë„Å®„Å®„Å°„ÇÉ„Çì‚ù§Ô∏é‚Éõ ‚ú¥Ô∏éU-15 ALL KANAGAWA GIRLS RUGBY‚ú¥Ô∏é;@kanekoeiitirou1 „ÅÜ„ÇìÁ¨ë;Thu Sep 24 15:16:46 CEST 2015;rugby;-1
647036954152955904;French Rugby Academy Racing 92 - Ecole de Rugby Racing Club de France Colombes (U13 1√©re ann√©e 2003 - poste: Pilier gauche N¬∫1) / @Racing92 @Racing_colombes;RT @eatsleeprugby: http://t.co/9nn0cojCw7 - Japan have made a rugby movie and it looks amazing. http://t.co/0PK9EHU0Mf;Thu Sep 24 15:16:45 CEST 2015;rugby;-1
647036953079246848;M√©dia √©tudiant 2.0 participatif & moderne ‚Ä¢ #LEA vous connecte au monde √©tudiant. Tu as forc√©ment quelque chose √† partager #fac #collaboratif #connect√©;RT @ap91700: #RWC2015 : #FRAROU c'√©tait hier et le XV de France a gagn√© son 2e match ! Mon retour sur cette rencontre : http://t.co/D3ZSkU9‚Ä¶;Thu Sep 24 15:16:45 CEST 2015;rugby;-1
647036941607702528;Â§ßÈò™„Å≤„Åå„ÅóÂπºÁ®öÂúí„ÄÅËå®Áî∞Ë•øÂ∞è„ÄÅËå®Áî∞‰∏≠2Âπ¥ „É©„Ç∞„Éì„ÉºÈÉ®„ÄÇSO.WTB „ÇΩ„Éï„Éà„Åó„Å¶„Åü„ÄÇ Ââ£ÈÅì„Åó„Å¶„Åü„ÄÇ;@keishi078  „Åî„ÇÅ„Çì„Å™„Åï„ÅÑ„ÅÑ„ÅÑ„ÅÑ„ÅÑ;Thu Sep 24 15:16:42 CEST 2015;rugby;-1
647036939716165632;Wikipedia - the free encyclopedia that anyone can edit.  3,499,140 articles in English;South African Rugby League http://t.co/8VVXCBINLw #wiki #recent;Thu Sep 24 15:16:42 CEST 2015;rugby;-1
647036933600878592;Sidemen | Freezy | Wellad| Spencer| Manny| Chris MD| GTA. http://t.co/NkmomNBOHh;RT @RULEMsports: We're on a shoot with your boy  @Tobjizzle and some big rugby stars today! üèâ http://t.co/pfvPhnvu5S;Thu Sep 24 15:16:40 CEST 2015;rugby;-1
647036923647795200;Sports writer for Chronicle Live. Print titles: The Journal, The Chronicle and Sunday Sun. Views are my own, retweet does not mean endorsement;Newcastle's Rugby World Cup fanzone taking shape http://t.co/7g9KX2ZRnn;Thu Sep 24 15:16:38 CEST 2015;rugby;-1
647036923400163328;The Locals Local, Great local pub, Has been re-furbished throughout.  Quality Cask Ales, Beers & lagers, also wide range of all drinks.;FOOTBALL TONIGHT Huddersfield V Forest RUGBY New Zealand V Nambia Both 7.30pm;Thu Sep 24 15:16:38 CEST 2015;rugby;-1
647036920585973760;Spent 2 much time on Twit, off to play Hurling with my son, read a book, learn Latin etc. Will tweet live from some Catholic, GK Chesterton, Pro-Life events ;D;RT @fruitsaladretro: Which "underdog" are you supporting in the Rugby World Cup? #RWC #RWC2015 #RWC15 http://t.co/pzhvzAUJIx;Thu Sep 24 15:16:37 CEST 2015;rugby;-1
647036918572707840;;Italy change props and centres for Canada game - LONDON (Reuters) - Italy coach Jacques Brunel made four changes t... http://t.co/zViaanmID9;Thu Sep 24 15:16:37 CEST 2015;rugby;-1
647036912809607168;„Çπ„Éù„Éº„ÉÑ„ÉªËá™ÂãïËªä„ÉªÁ´∂È¶¨„Å™„Å©„ÅÆ„Éã„É•„Éº„Çπ„Çí„Å§„Å∂„ÇÑ„Åè„ÄÇ„ÄåÈùûÂÖ¨Âºè„Äç„ÅÆ„Åü„ÇÅÂÖ¨Âºè„Çà„ÇäÊï∞ÂàÜÈÅÖ„Çå„Å¶„ÅÑ„Åæ„Åô„ÄÇËøÖÈÄü„Å™ÊÉÖÂ†±„ÅÆÂÖ•Êâã„ÅØ‰ªñ„ÅÆÊÉÖÂ†±Ê∫ê„Çí„ÅäÂãß„ÇÅ„Åó„Åæ„Åô„ÄÇÁßÅ„ÅØÂ§ßÂ§â„Åä„Åó„ÇÉ„Åπ„Çä„Åß„Åô„ÄÇ„ÅäÊ∞ó„Çí‰ªò„Åë‰∏ã„Åï„ÅÑ„ÄÇÈÄüÂ†±„Éã„É•„Éº„Çπ„ÅØ„Ç¶„Çß„Éñ„Åß„ÄÇ;„Äê„Çπ„Äë Ë≤†ÂÇ∑„ÅÆ„Éû„Éï„Ç£„ÅØ24Êó•„Å´Ê§úÊüª„ÄÅ‰ªäÂæå„ÅÆÂá∫Â†¥„ÅåÂèØËÉΩ„ÅãÂà§Êñ≠ Ôºà„Çµ„É≥„Ç±„Ç§„Çπ„Éù„Éº„ÉÑÔºâ:‚Ä¶ http://t.co/pQE4klsfzX;Thu Sep 24 15:16:36 CEST 2015;rugby;-1
647036911165538304;Join the Dream Team. Apply via website for more details.;RT @EnglandRugby: Get into rugby with @O2Touch üèâüéµ  Find your closest session here http://t.co/8t6rm7sk8w http://t.co/FNHVsqLmMY;Thu Sep 24 15:16:35 CEST 2015;rugby;-1
647036909571731456;8.06.12 ‚ô• 18.07.15  @MPofficial ‚ô• 20.06.15 @GiracKendji ‚ù§Ô∏è21.08.15 @FreroDelavega ‚ù§Ô∏è #TW #OUAT #TWD #TO #TVD #Arrow #TheFlash #AHS #The100 #PLL #Marvel #TPMP;RT @Rugby365fr: Pour gagner ce superbe livre sur la Coupe du Monde de rugby, RT ce tweet + follow @rugby365 jusqu'√† dimanche minuit http://‚Ä¶;Thu Sep 24 15:16:35 CEST 2015;rugby;-1
647036908283924480;A football news service that provides up-to-date news and commentary from leading news sites and bloggers from around the web.;Wales+apos; Webb Out For +apos;6 To 8 Months+apos; (ESPN) http://t.co/KOPvKgVZtF;Thu Sep 24 15:16:34 CEST 2015;rugby;-1
647036903326384129;Although rugby is my passion I have a soft spot for Liverpool FC. Knowledge is power, but relationships are everything. I'm a born a team player ;);RT @WP_RUGBY: It's half-time in today's 2nd President's Cup Finals Day clash at DHL Newlands, with Hands & Heart leading Union Milnerton by‚Ä¶;Thu Sep 24 15:16:33 CEST 2015;rugby;-1
647036903041204224;Lancastrian exiled in Yorkshire. Writer for CricketEurope & data analyst in the day job. Views my own.;@PaulFrame85 Interestingly, even in modern times Rugby Union national boards have stood in the way of Rugby League's attempted expansion.;Thu Sep 24 15:16:33 CEST 2015;rugby;-1
647036902969753600;Èï∑Â¥éÂá∫Ë∫´ Êù±Èï∑Â¥é‰∏≠Â≠¶Ê†°‚ÜíË´´Êó©Ëæ≤Ê•≠È´òÊ†°‚Üí ‰πùÂ∑ûÂÖ±Á´ãÂ§ßÂ≠¶ ÁµåÊ∏àÂ≠¶ÈÉ® „É©„Ç∞„Éì„ÉºÈÉ® 1108;@rugby_1219  „Å™„Çì„Åß„ÅïÁ¨ë;Thu Sep 24 15:16:33 CEST 2015;rugby;-1
647036898339192832;;@pabloguzman hola me gustar√≠a q hablen sobre el rugby en CR hace poco fue la final nacional y creo q ha crecido bastante #120Minutos;Thu Sep 24 15:16:32 CEST 2015;rugby;-1
647036893104865280;;#Noticias Las danzas desafiantes en el Mundial de Rugby http://t.co/yObLaMvkBT;Thu Sep 24 15:16:31 CEST 2015;rugby;-1
647037676537802753;;Wales warned against training with non-RWC players: LONDON (AP) " Wales was warned by World Rugby on Thursday,... http://t.co/wJsYpcVCro;Thu Sep 24 15:19:38 CEST 2015;rugby;-1
647037672301592578;;RuckMe: Wales warned against training with non-RWC players: LONDON (AP) " Wales was warned by World Rugby on T... http://t.co/Uyv3oJOL5Z;Thu Sep 24 15:19:37 CEST 2015;rugby;-1
647037670003052544;The latest rugby news, views and analysis from http://t.co/kFxPcJfc via RSS;Wales warned against training with non-RWC players: LONDON (AP) " Wales was warned by World Rugby on Thursday,... http://t.co/bBsMY4Etyu;Thu Sep 24 15:19:36 CEST 2015;rugby;-1
647037669218713601;The latest rugby news, views and analysis from http://t.co/kFxPcJfc via RSS;Samoa coach Betham makes 3 changes for RWC South Africa bash: BIRMINGHAM, England (AP) " Samoa picked inexperi... http://t.co/hpCr1M0kT3;Thu Sep 24 15:19:36 CEST 2015;rugby;-1
647037663996805121;Ë´´Ëæ≤‚à¥ÔºìÔº∫‚à¥ „ÄÇ ÊπòÂçó‰πÉÈ¢® ÈÄóÂ≠ê‰∏âÂÖÑÂºü love „ÄÇ&;@hironnpon61  ÂÑ™„Åó„Åè„Å™„Å£„Åü„Å™ÔºüÁàÜÁ¨ë;Thu Sep 24 15:19:35 CEST 2015;rugby;-1
647037663619493889;Prof le jour et Trailer de jour comme de nuit. Normand devenu Alsacien mais citoyen Europ√©en. Epicurien, M√©lomane, et Voyageur entre autres...;Le gros coup de gueule de PSA √† la mi-temps de France-Roumanie http://t.co/8EPJtxdM4u via @lequipe;Thu Sep 24 15:19:35 CEST 2015;rugby;-1
647037662138880000;Help us raise money & awareness for testicular cancer by getting yours online - deals in place so check the website! #myoddballs;@josh_ccfc OddBalls, raising money & awareness for testicular cancer! The pants of Rugby fans & players! http://t.co/02HlORiiM8;Thu Sep 24 15:19:34 CEST 2015;rugby;-1
647037661090304000;Inspiring and sharing Birmingham's most interesting cultural events using #BrumCulture;RT @BCCNewsRoom: Haka at #Brum #RWC2015 fanzone at 7pm tonight and again Sunday plus at @BhamWeekender: http://t.co/2E8qLkYXEN http://t.co/‚Ä¶;Thu Sep 24 15:19:34 CEST 2015;rugby;-1
647037661073539072;Birmingham City Council (UK), providing services for a million people. We're here to help 9am-5pm Mon to Fri. Profile pic by @ross_jukes;RT @BCCNewsRoom: Haka at #Brum #RWC2015 fanzone at 7pm tonight and again Sunday plus at @BhamWeekender: http://t.co/2E8qLkYXEN http://t.co/‚Ä¶;Thu Sep 24 15:19:34 CEST 2015;rugby;-1
647037655960711168;Con Flipboard.;Pumas show commitment is in their DNA http://t.co/Nmizqn3oiw v√≠a @smh;Thu Sep 24 15:19:33 CEST 2015;rugby;-1
647037634921955328;Toute l'actu rugby ! #TOP14 #PROD2 #XVdeFrance;Un international gallois aux London irish http://t.co/G81HAO5bGG #rugby;Thu Sep 24 15:19:28 CEST 2015;rugby;-1
647037634003361792;Toute l'actu rugby ! #TOP14 #PROD2 #XVdeFrance;Toulouse : Leicester veut garder sa star http://t.co/QYqJNXrCEC #rugby;Thu Sep 24 15:19:27 CEST 2015;rugby;-1
647037630115241985;;#top14 Un international gallois aux London irish http://t.co/8SC7dT6nQj;Thu Sep 24 15:19:27 CEST 2015;rugby;-1
647037629033132032;;#top14 Toulouse : Leicester veut garder sa star http://t.co/SgdTvgoDQQ;Thu Sep 24 15:19:26 CEST 2015;rugby;-1
647037624964657156;Les Nouveaux M√©dias 100%Rugby;Un international gallois aux London irish: Le troisi√®me-ligne Rob McCusker (29 ans, 1,93 m, 108 kilos) qui √©vo... http://t.co/5FIL8RfvcM;Thu Sep 24 15:19:25 CEST 2015;rugby;-1
647037624037670916;Les Nouveaux M√©dias 100%Rugby;Toulouse : Leicester veut garder sa star: Comme nous l‚Äô√©voquions au printemps et il y a quelques jours, Manu T... http://t.co/FbYAWnjPYI;Thu Sep 24 15:19:25 CEST 2015;rugby;-1
647037618782244864;Gloucestershire news, views and events.;It's a win either way for Japanese-American David Allen from The...: With Rugby World Cup fever gripping the n... http://t.co/7QNplLYLgW;Thu Sep 24 15:19:24 CEST 2015;rugby;-1
647037609454145536;„ÄäËè´‰∏≠Â≠¶„É©„Ç∞„Éì„ÉºÈÉ®‚ÜíÂ§ßÈò™Ê°êËî≠È´ò„É©„Ç∞„Éì„ÉºÈÉ®‚ÜíÂ§ßÈò™ÂåªÂ∞ÇATÂ≠¶Áßë„Äã„Éì„Éº„ÉÅ„É©„Ç∞„Éì„Éº;http://t.co/1BollabBnt;Thu Sep 24 15:19:22 CEST 2015;rugby;-1
647037601191477248;I am a gaming and book nerd with a girlfriend... Nothing more, nothing less... Nuff said....;RT @pottermore: Did you know the wizarding world has an affection for the Scottish Rubgy team? http://t.co/3sFahm4yji #Pottermore http://t.‚Ä¶;Thu Sep 24 15:19:20 CEST 2015;rugby;-1
647037597865349121;;@leocaprile Siiii, esta HAYA en el mundial de rugby...jaja;Thu Sep 24 15:19:19 CEST 2015;rugby;-1
647037596598603776;Thug life, LOM;RT @GeorgianRugby: Letter from #Afghanistan supporting #Thelelos in Memory of #GEO Soldier #VasilKuljanishvil http://t.co/fglu5DoU9X$ http:‚Ä¶;Thu Sep 24 15:19:19 CEST 2015;rugby;-1
647037596124741633;All the Irish rugby news to be found on the net, from an aul rugger bugger and Leinster fanatic. Also an occasional rant scrawler for Harpin' On Rugby.;Robbie Henshaw fit for clash with Romania http://t.co/CuZC31KYCD (via rte.ie);Thu Sep 24 15:19:18 CEST 2015;rugby;-1
647037596049231872;El Vigo Rugby Club fue fundado en 1988. Es el primer club de rugby gallego en ascender a la Divisi√≥n de Honor, logrado en la temporada 2010-2011.;Suspendido el Blusens Networks vs El Salvador B http://t.co/wVIvFIiEMT;Thu Sep 24 15:19:18 CEST 2015;rugby;-1
647037594757279744;‰ªä„ÇíÊ•Ω„Åó„ÇÄ„ÄÇÈùíÊò•„Çí„É©„Ç∞„Éì„Éº„Å´„Åï„Åï„Åê„ÄÇ;@seiji0410soccer  „Åõ„ÅÑ„Åò„Åç„ÅÑ„Å¶„Åè„Çå„ÄÇ „Åó„Åã„Åü„Åã„Å£„Åü„Çì„Å†„ÄÇ ÂÉï„ÅØ„ÅÑ„Å§„Å†„Å£„Å¶Âêõ„ÅÆ„Åì„Å®„Çí ËÄÉ„Åà„Å¶„Çã„ÇàÔºü „Åß„ÇÇ„Å≠„Åß„ÇÇ„Å≠Ôºü Â†¥„ÅÆ„Éé„É™„Å£„Å¶„ÅÇ„Çã„Åò„ÇÉ„ÇìÔºü„Å≠„ÅáÔºü;Thu Sep 24 15:19:18 CEST 2015;rugby;-1
647037586104545280;Official #RugbyWorld Clubs guide. All the #clubs of the #world on a map !!! Tous les clubs de Rugby √† XV du monde entier g√©olocalis√©s - Compte officiel;RT @geekmps: C'est la saison du rugby, j'ai un communiqu√© de presse qui me parle de @RugbyClubs15 quelqu'un a essay√© ? http://t.co/Mh9SSSCb‚Ä¶;Thu Sep 24 15:19:16 CEST 2015;rugby;-1
647037581360803840;Help us raise money & awareness for testicular cancer by getting yours online - deals in place so check the website! #myoddballs;@garethevans96 OddBalls, raising money & awareness for testicular cancer! The pants of Rugby fans & players! http://t.co/02HlORiiM8;Thu Sep 24 15:19:15 CEST 2015;rugby;-1
647037578814836736;.;RT @Rugby365fr: Pour gagner ce superbe livre sur la Coupe du Monde de rugby, RT ce tweet + follow @rugby365 jusqu'√† dimanche minuit http://‚Ä¶;Thu Sep 24 15:19:14 CEST 2015;rugby;-1
647037577434894336;Ecl√©ctico. Iconoclasta. yes, Colombian!, but not a fucking drug dealer! me dan miedo las motosierras. libert√©,√©galit√© et fraternit√©.;RT @DeportesEE: Las danzas desafiantes en el Mundial de Rugby @rugbyworldcup #RugbyWorldCup http://t.co/Aqs52Dhyty http://t.co/AnN6cbv9HY;Thu Sep 24 15:19:14 CEST 2015;rugby;-1
647037574360530949;Jugador del Club de Rugby Atl√©tico Portuense! Un adicto al carnaval y un amante del elixir mas grandioso que a inventado la humanidad, la cerveza!;RT @ElPuertoAC: #Rugby Gran ambiente en la presentaci√≥n de las nueva equipaci√≥n del @CRAPortuense http://t.co/IRSCpT5cg6 http://t.co/79Tqe4‚Ä¶;Thu Sep 24 15:19:13 CEST 2015;rugby;-1
647037574171750400;;@AS_Manolete Por que no pruebas a concentrarte en el espect√°culo del mundial de rugby, amigo?;Thu Sep 24 15:19:13 CEST 2015;rugby;-1
647037574016573440;;RT @aplenorugby: #FiestasAPleno ¬°Agend√° que el 3 de octubre tenes fiesta en @Pacific_Rugby! http://t.co/vnUWGF96GN;Thu Sep 24 15:19:13 CEST 2015;rugby;-1
647037573919969280;I don't think that everything that's popular is necessarily right for every body and so I'd like for girls to be confident enough to make the right choice...;RT @r00ndy: Australia v Fiji: Kick-off time and TV coverage for the Rugby World Cup clash... : 6 http://t.co/NT45hpJe87 http://t.co/abgCpFG‚Ä¶;Thu Sep 24 15:19:13 CEST 2015;rugby;-1
647037572275810304;Romania - Posts, Tweets and Feeds - Oh Alright!;#romania Robbie Henshaw fit for Rugby World Cup Group D clash with Romania - RTE.ie: ... http://t.co/7a9DUGNKzd - http://t.co/ijK8yDtohe;Thu Sep 24 15:19:13 CEST 2015;rugby;-1
647037569520152576;;RT @r00ndy: Australia v Fiji: Kick-off time and TV coverage for the Rugby World Cup clash... : 6 http://t.co/NT45hpJe87 http://t.co/abgCpFG‚Ä¶;Thu Sep 24 15:19:12 CEST 2015;rugby;-1
647037552671727617;Christian, Conservative, upRight girl w/ a wayward bend, responsible dreamer, careless perfectionist, churchgoing clubhopper, authentic hypocrite #me;Photo: Rugby World Cup 2015: Sean McMahon keeping Wallabies squad honest with wild ‚Ä¶ 98:... http://t.co/ySqfGI0JR8;Thu Sep 24 15:19:08 CEST 2015;rugby;-1
647037538268499968;GGS is one of the UK's leading Sports & Entertainment industry recruitment and executive search firms #ggsjobs;RT @EnglandRugby: Get into rugby with @O2Touch üèâüéµ  Find your closest session here http://t.co/8t6rm7sk8w http://t.co/FNHVsqLmMY;Thu Sep 24 15:19:05 CEST 2015;rugby;-1
647037537735671809;Just a small town girl convinced that she was born on the wrong side of the Mason Dixon.;RT @r00ndy: Australia v Fiji: Kick-off time and TV coverage for the Rugby World Cup clash... : 6 http://t.co/NT45hpJe87 http://t.co/abgCpFG‚Ä¶;Thu Sep 24 15:19:05 CEST 2015;rugby;-1
647037535982628864;Full of photos , videos and news of the diva of WWE Paige . She is 2x time divas champion , Total Diva and Tough Enough Judge! #FreaksAndGeeks I'am not paige !;Rugby World Cup Divas : [ @RealPaigeWWE ] #2 http://t.co/JmuxGWqFT6;Thu Sep 24 15:19:04 CEST 2015;rugby;-1
647037532669087744;Le Top de l'Actualit√© sportive en direct et les vid√©os marquantes du jour √† suivre et √† commenter librement. (Nouveau site);Rugby / Coupe du Monde ‚Äì Saint-Andr√© : "Je n'alllais pas leur faire la bise" http://t.co/8gMBJBCKFQ #Sport http://t.co/xyBopSr9zu;Thu Sep 24 15:19:03 CEST 2015;rugby;-1
647037527396876288;Le Top de l'Actualit√© sportive en direct et les vid√©os marquantes du jour √† suivre et √† commenter librement. (Nouveau site);Rugby / Coupe du Monde ‚Äì Tal√®s : "Peut mieux faire" http://t.co/e1C4QjFotD #Sport http://t.co/jXQctsajGp;Thu Sep 24 15:19:02 CEST 2015;rugby;-1
647037525987622912;;RT @Wallabies: No bonus point, no worries for #Wallabies. http://t.co/HfrRGSuxGi #StrongerAsOne http://t.co/VDawEdNfTD;Thu Sep 24 15:19:02 CEST 2015;rugby;-1
647037519226253312;KIU2nd‚ñ∑‚ñ∂Ô∏éRugbyManager‚óÄÔ∏é‚óÅ;@rugby_taiga  „Åà„ÄÅÁ≠ãËÇâÁóõ„ÇÑ„Åë„Å©„ÄÅ„Å™„ÇìÔºüÁ¨ë;Thu Sep 24 15:19:00 CEST 2015;rugby;-1
647037516399423488;Updates on PE, Sport and Achievement at Boroughmuir High School;U16s rugby meeting on Monday at break in the PE department. We have a cup game next Wednesday, so be there for all the info #roadtrip;Thu Sep 24 15:18:59 CEST 2015;rugby;-1
647037509663358976;Official Cefn Saeson School Twitter page providing up to date information for parents.;Year 9 rugby training tomorrow;Thu Sep 24 15:18:58 CEST 2015;rugby;-1
647037507750772737;Help us raise money & awareness for testicular cancer by getting yours online - deals in place so check the website! #myoddballs;@peterdoubt OddBalls, raising money & awareness for testicular cancer! The pants of Rugby fans & players! http://t.co/02HlORiiM8;Thu Sep 24 15:18:57 CEST 2015;rugby;-1
647037502033784833;Áúü‰Ωè/ÂïÜÂ§ß/„Çπ„ÉùÂ∞Ç/3Âπ¥;@t_k_m000 http://t.co/jO3E1nTRJy;Thu Sep 24 15:18:56 CEST 2015;rugby;-1
647037499332775942;Hd Wallpapers and Hd Songs Best Place for Entertainment;RT @visitlondon: Soak up the atmosphere and be a part of the #RWC2015 at these fanzones across London http://t.co/XZIhuYgY04 http://t.co/kP‚Ä¶;Thu Sep 24 15:18:55 CEST 2015;rugby;-1
647037498938388480;‰∏ñÁïå„ÇíË™≠„ÅøËß£„Åè„Å´„ÅØÊ≠¥Âè≤„ÅåÂ§ß‰∫ã„Å†„Å®ÊÄù„Å£„Å¶„ÅÑ„Åæ„Åô„ÄÇÂêåÊßò„Å´Ë®ÄË™û„Å†„Å®ËÄÉ„Åà„Å¶„ÅÑ„Åæ„Åô„ÄÇ Âè§‰ª£„ÅÆÊúùÈÆÆÂçäÂ≥∂„Å®Êó•Êú¨„ÅÆÈñ¢‰øÇ„Å´Èñ¢ÂøÉ„Åå„ÅÇ„Çä„Åæ„Åô„ÄÇË•øÊ¥ãÂè≤„Åß„ÅØ„ÄÅÂõΩÊ∞ëÂõΩÂÆ∂ÂΩ¢Êàê„Å∏„ÅÆËÅñÊõ∏„ÅÆÂΩπÂâ≤„Å´„Å§„ÅÑ„Å¶Èñ¢ÂøÉ„Çí„ÇÇ„Å£„Å¶„ÅÑ„Åæ„Åô„ÄÇÂÖêÁéâÊ∫êÂ§™ÈÉé„ÅåÂ•Ω„Åç„Åß„Åô„ÄÇ„ÇØ„É©„Ç∑„ÉÉ„ÇØÈü≥Ê•Ω„Å´ËààÂë≥„Åå„ÅÇ„Çä„ÄÅÊ≠¥Âè≤ÁöÑ„Å´Êçâ„ÅàÁõ¥„Åó„Åü„ÅÑ„Å®ËÄÉ„Åà„Å¶„ÅÑ„Åæ„Åô„ÄÇ‰ªèË™û„ÇíÂßã„ÇÅ„Åæ„Åó„Åü„ÄÇÊ°ëÂêçÂú®„ÄÇ;Namibian dentists, farmers and traders get ready to face All Blacks @CNNI http://t.co/580QSnA5k5;Thu Sep 24 15:18:55 CEST 2015;rugby;-1
647037490239422464;Do you, not us. All things sport. Outback QLD.;RT @BrumbiesRugby: Tonight, former @ArizonaState üèà player @BIGCsundevil87 scored his very 1st rugby union try playing for #actgriffins http‚Ä¶;Thu Sep 24 15:18:53 CEST 2015;rugby;-1
647037489241305088;A forward thinking PE Department that believes hard work and committment will produce success in all facets of life! Follow our Twitter feed for all PE news!;All Year 7 & Year 8 rugby boys involved in Saturday's fixture, 8am meet please. Remember your track suites and trainers for after the game.;Thu Sep 24 15:18:53 CEST 2015;rugby;-1
647037837431275520;We are  first  monthly crate for gym regulars and people who want to change themselfs. Check us out on on IndieGoGo and sign up on out website to get 20%OFF!;World Rugby may change tackle laws;Thu Sep 24 15:20:16 CEST 2015;rugby;-1
647037835049082880;;RT @DeportesEE: Las danzas desafiantes en el Mundial de Rugby @rugbyworldcup #RugbyWorldCup http://t.co/Aqs52Dhyty http://t.co/AnN6cbv9HY;Thu Sep 24 15:20:15 CEST 2015;rugby;-1
647037825561444353;Full time student of UiTM Arau Perlis  AS115 Anak Jati Waghih;RT @Nurinsyafiqahh: Yet rugby player so hawttt babe;Thu Sep 24 15:20:13 CEST 2015;rugby;-1
647037823627956224;Hold Me When I'm Sad. Kiss Me When I Cry. Make Me Laugh. When I'm Down. And Love Me Untile I Die. ~me;Rugby World Cup 2015: Sean McMahon keeping Wallabies squad... http://t.co/PRqDc20uaa http://t.co/4xISpbpsXL;Thu Sep 24 15:20:13 CEST 2015;rugby;-1
647037822122065920;915ÔΩû;@rugby_1219„Åä„Çå„ÄÅ „ÇÇ„Å®„Åã„ÇâÂÑ™„Åó„ÅÑ„ÇÑ„Å£„ÅãÔºÅ;Thu Sep 24 15:20:12 CEST 2015;rugby;-1
647037819081256960;Bid at the last second on Ebay for Free;Last Second Ebay Bid RT‚Ü∫ http://t.co/V3RnpiD8uw Stade Toulousain France Toulouse Rugby Jersey Nike Youth Large Authentic ‚Ü∫Please Fav;Thu Sep 24 15:20:12 CEST 2015;rugby;-1
647037818229891072;RT away from my timeline without fear of being blocked! share the luck! ;) x;RT @MilkItGB: RT & FOLLOW to #WIN a Milk It tee & #RWC2015 ball! #comp ends 24th Sept 5pm T&Cs http://t.co/3ikSbZK2WH http://t.co/eskFVZ3oY7;Thu Sep 24 15:20:11 CEST 2015;rugby;-1
647037817244139520;‰∏≠Â§ÆÁúãË≠∑Áßë‚ñ∂Ô∏é‚ñ∑„ÅÑ„Å°;@rugby_ikuno „Åù„ÉºÔºü;Thu Sep 24 15:20:11 CEST 2015;rugby;-1
647037813393719296;Am I really supposed to describe myself? How shallow, decide for yourself who I am.;Rugby World Cup 2015: Wallabies player ratings v Fiji : 87: ... http://t.co/DV3jVVbp9i http://t.co/gzmjKNspSR;Thu Sep 24 15:20:10 CEST 2015;rugby;-1
647037808272654341;;„ÄêÁîªÂÉè„Äë„É©„Ç∞„Éì„ÉºÁïå„ÅÆ„Ç§„Ç±„É°„É≥‰∫îÈÉé‰∏∏Ê≠©ÈÅ∏Êâã„ÅÆ„Éó„É≠„Éï„Ç£„Éº„É´„ÄÅÁµåÊ≠¥ | „É©„Ç∞„Éì„ÉºLOVE!! http://t.co/MX4ln7eIw6 http://t.co/Eywlr0ftZp;Thu Sep 24 15:20:09 CEST 2015;rugby;-1
647037806641041408;Profilo ufficiale del sito http://t.co/TdDr5Ahf2m;http://t.co/c4QGLf8jl1 http://t.co/QRbB5MU11H;Thu Sep 24 15:20:09 CEST 2015;rugby;-1
647037806510891008;‰ªä„ÇíÊ•Ω„Åó„ÇÄ„ÄÇÈùíÊò•„Çí„É©„Ç∞„Éì„Éº„Å´„Åï„Åï„Åê„ÄÇ;RT @souta25syounan3: 3‰∫∫„Åß„É©„Éº„É°„É≥Ë°å„Å£„Å¶„Åç„Åü„ÉºÔºÅ „Åï„Åã„Å°„ÇÉ„ÇìÊù•„Çã„Å§„ÇÇ„Çä„Åå‰∫àÂÆöÂÖ•„Å£„Å¶ÁÑ°ÁêÜ„Å™„Å£„ÅüÁ¨ëÁ¨ë „ÇÅ„Å£„Å°„ÇÉÊ•Ω„Åó„Åã„Å£„ÅüÔºÅÔºÅ http://t.co/5pi1XnMjAE;Thu Sep 24 15:20:09 CEST 2015;rugby;-1
647037804682301440;ASR AGIR avec le XV rochelais    FCBG Ultramarines ... Seb .. parfois infirmier en r√©animation .....     instagram: Chesari17;RT @RugbyramaFR: XV de France: Pour Uini Atonio, la Roumanie est aussi l√† pour "gagner la Coupe du monde" #RWC2015  http://t.co/nE7cKDEpBE ‚Ä¶;Thu Sep 24 15:20:08 CEST 2015;rugby;-1
647037804640346112;;Rugby League: Cas confirm departures http://t.co/Unch3OC25S #rugbyleague;Thu Sep 24 15:20:08 CEST 2015;rugby;-1
647037801603559424;Live Bets Online, In-Play Betting 24/7 #LiveOdds #LiveBetting #SportsBetting ‚û° Watch Live Sport via ‚Üí http://t.co/v1ppCCuQpM  18+;‚ñ∫ http://t.co/hlfWKAeuy7 Rugby World Cup 2015: 'No panic in England selection', insists Stuart Lancaster http://t.co/EXuVmUdQb3;Thu Sep 24 15:20:07 CEST 2015;rugby;-1
647037797765791746;We know the Sydney property market and have a deep understanding of its complexities. We are changing the way you buy property!;A lot in this. Why do the Wiwi's seem light years ahead of us; not just in Rugby?... http://t.co/dkUQrSjmyA;Thu Sep 24 15:20:07 CEST 2015;rugby;-1
647037796214046720;;New post: "The Rugby World Cup's challenge: Attracting new fans" http://t.co/AsF5bbixop;Thu Sep 24 15:20:06 CEST 2015;rugby;-1
647037791377879042;Ë´´Ëæ≤‚à¥ÔºìÔº∫‚à¥ „ÄÇ ÊπòÂçó‰πÉÈ¢® ÈÄóÂ≠ê‰∏âÂÖÑÂºü love „ÄÇ&;@Atrugby0D  ‰ªäÂ∫¶„ÅÇ„Å£„ÅüÊôÇ„Å≠Á¨ë;Thu Sep 24 15:20:05 CEST 2015;rugby;-1
647037789947736064;Receive the latest news from around the world straight to your twitter feed. News is updated every 10 minutes from sites world-wide!;Gossip: Ford 'devastated' by omission - http://t.co/izH4QP9Rye;Thu Sep 24 15:20:05 CEST 2015;rugby;-1
647037788060319744;We deliver the latest Rugby news everyday;How a train packed full of rugby fans clubbed together to help thirsty ... - http://t.co/wxI8MW8CyL http://t.co/osh5fvDxHd;Thu Sep 24 15:20:04 CEST 2015;rugby;-1
647037784755011585;UK news / 5 tweets per hour / Opinion exchanges;What time does Scotland vs Japan Rugby World Cup 2015 match start on Wednesday and which TV channel is it on?: All‚Ä¶ http://t.co/b95y1qjM9P;Thu Sep 24 15:20:03 CEST 2015;rugby;-1
647037763074789376;Various News, Videos, Opinions.;Rugby World Cup: Scots return Japan to Earth http://t.co/ZGH6RpryHR #news;Thu Sep 24 15:19:58 CEST 2015;rugby;-1
647037748994527232;Welcome to the official page for The National Lottery, providing news & updates on our games Mon-Sat 9am-5.30pm. You must be 16 or over to play or claim a prize;Over ¬£200M of lottery funding has been invested in grassroots rugby & it's all thanks to YOU! #ThankYouThursday http://t.co/FS090EBW8K;Thu Sep 24 15:19:55 CEST 2015;rugby;-1
647037746234699777;Managing Director @miolondon Director @surreyhillsfest London;RT @RegentsPlace: This evening from 18:30 - join the team on the Plaza for a sing along before the rugby! http://t.co/EY3nHJuOb4 http://t.c‚Ä¶;Thu Sep 24 15:19:54 CEST 2015;rugby;-1
647037742375956480;;Australian star has 'seen enough of Haka' http://t.co/FWz7FqtY7S http://t.co/bnC3d8E5N1;Thu Sep 24 15:19:53 CEST 2015;rugby;-1
647037741826506752;Proud sponsors of West Ham United FC, Betway Premier League Darts and the Betway Queen Mother Champion Chase. Contact us: @betwaysupport | support@betway.com;RT @miketindall13: The @betway machine is pretty good hopefully I will have more success this week!! https://t.co/Fk4zjHaAuK;Thu Sep 24 15:19:53 CEST 2015;rugby;-1
647037737061752832;~When life gives you lemons, you squeeze them in peoples eyes and make them miserable~ I'm thankful for having great family and friends.;I'm so glad I'll be in Wales when they play against England on Saturday. I can wear my rugby jumper without getting abuse haha üòÖ;Thu Sep 24 15:19:52 CEST 2015;rugby;-1
647037734805184512;Your boyfriend visits my page every night before he goes to bed;Rugby Fever got me too üòÉüòÉüòÉ #teamwelwitchia üòç http://t.co/RRWrcRtiEn;Thu Sep 24 15:19:52 CEST 2015;rugby;-1
647037727347724288;Passi√≥ pel rugbi i dissenyadora gr√†fica;RT @ROGERRIPOL: Aquest vespre1a Sessi√≥ amb educadors d'escoles de rugby de les comarques Gironines al @geieg @rugby_cat @gcapdevila;Thu Sep 24 15:19:50 CEST 2015;rugby;-1
647037713699377153;ig ,, azrialpha;RT @SkySportsRugby: Wales receive official warning over including non-squad players in training sessions. http://t.co/eJWDhJCGI5 http://t.c‚Ä¶;Thu Sep 24 15:19:46 CEST 2015;rugby;-1
647037706225197056;Continuing a legacy of outstanding news coverage begun in 1872.;RT @visitlondon: Soak up the atmosphere and be a part of the #RWC2015 at these fanzones across London http://t.co/XZIhuYgY04 http://t.co/kP‚Ä¶;Thu Sep 24 15:19:45 CEST 2015;rugby;-1
647037691444396032;L'essentiel de l'actualit√© francophone dans le monde. Retrouvez les grands titres de vos journaux, magazines et blogs pr√©f√©r√©s le tout en temps r√©el.;PSA : ¬´Certains comportements ne sont pas acceptables¬ª http://t.co/EBChuJgRBC;Thu Sep 24 15:19:41 CEST 2015;rugby;-1
647037690723102720;;RT @Waylander1972: 2 finals 2 trophies for @UJ_Sport rugby. Beating Puk in the final. @mediauj @UJObserver @Sasero1 http://t.co/GuCNzKzYs6;Thu Sep 24 15:19:41 CEST 2015;rugby;-1
