666256121284460544;princessefanfan;@ @ Fleur Pellerin  :  la musique continuera de vivre dans notre pays URL via @ ;Mon Nov 16 15:06:52 CET 2015;fleur;1
666256095606915073;Ministère CultureCom; " Un fonds pour aider la profession à faire face aux conséquences économiques des # @ > URL ;Mon Nov 16 15:06:46 CET 2015;fleur;1
666255896083881984;P'tits Caprices;Tant mieux ,  une belle fleur parmi toute cette merde absurde  !  !  !  URL ;Mon Nov 16 15:05:58 CET 2015;fleur;1
666255650662563844;Zoom des médias;Attentats  :  Fleur Pellerin annonce le déblocage d'un fonds pour sécuriser les spectacles URL ;Mon Nov 16 15:05:00 CET 2015;fleur;1
666255622673981440;Ministère CultureCom; " Tout sera fait pour que la # continue de vivre dans notre pays "  @ > URL URL ;Mon Nov 16 15:04:53 CET 2015;fleur;1
666255383938400256;Ana ??;@ Moi personnellement je suis constamment à fleur de peau .  .  .  J'ai envie de pleurer sans arrêt .  .  .  ;Mon Nov 16 15:03:56 CET 2015;fleur;1
666254823436763136;Stupide.;Je fais une fiche de culture g sur des fleurs je cherche une photo de  " Crise des champs "  c'est Fleur Pellerin qui apparaît U___U ;Mon Nov 16 15:01:42 CET 2015;fleur;1
666254797788594176;Otto;Crazy Horse - Une Fleur Rien Qu'Une Rose ;Mon Nov 16 15:01:36 CET 2015;fleur;1
666254138515300352;purpose | 170 j&j??;j'suis à fleur de peau ,  j'm'énerve sur tout le monde ,  je pleure tout le temps mais putain pourquoi moi ?  ;Mon Nov 16 14:58:59 CET 2015;fleur;0
666253760415580160;MusiqQc;Fleur Pellerin annonce un fonds d'aide aux professionnels de la musique URL ;Mon Nov 16 14:57:29 CET 2015;fleur;1
666253682351042560;Télé Testeur;Attentats  :  Fleur Pellerin va débloquer un fonds spécial pour sécuriser les spectacles URL ;Mon Nov 16 14:57:10 CET 2015;fleur;1
666253191038631938;DidJ-Show Music;Fleur Pellerin  :   " Tout sera fait pour que la musique continue de vivre "  URL URL ;Mon Nov 16 14:55:13 CET 2015;fleur;1
666252605656588288;yves quemeneur;Fleur Pellerin annonce un fond d'aide aux professionnels de la musique pour venir en aide aux musiciens et salles .  .  .  URL ;Mon Nov 16 14:52:54 CET 2015;fleur;1
666252166521331713;Claire Launchbury;Fleur Pellerin annonce un fonds d'aide aux professionnels de la musique URL via @ ;Mon Nov 16 14:51:09 CET 2015;fleur;1
666251890292883456;?#???_???????;@ @ w entou halabat ehab pfffff khelou efla Tranquiiiiile ;Mon Nov 16 14:50:03 CET 2015;fleur;1
666251871863091200;Lilambre;On peut arrêter ce hashtag vraiment bizarre de fleur contre la peur  ?  ;Mon Nov 16 14:49:59 CET 2015;fleur;0
666251744163315712;pau;le film fleur du désert c'est un bijou ;Mon Nov 16 14:49:28 CET 2015;fleur;1
666251660092645376;APENNY4URTHOUGHTS;Petite Fleur Paperie URL ;Mon Nov 16 14:49:08 CET 2015;fleur;1
666250883232096256;Wefood;[Miam] Tranches de chou-fleur rôties - sauce à l'origan ,  ail & zeste d @ URL URL ;Mon Nov 16 14:46:03 CET 2015;fleur;1
666250708929421312;Fashion Boulevard;Fashion Boulevard :  Jupette Fleur - URL URL ;Mon Nov 16 14:45:22 CET 2015;fleur;1
666250670836686848;@modechic ;JTC Femme Robe Sans Manches Tube en Eté Motif de Grande Fleur Plage-noir URL  # # # ;Mon Nov 16 14:45:12 CET 2015;fleur;2
666250574665539584;Flo;Je suis tellement à fleur de peau que la nana qui veut faire la ruche qui dit oui en Italie et qui me demande de l'aide m'a fait chialer .  ;Mon Nov 16 14:44:49 CET 2015;fleur;1
666250437964767232;*aAa* zaLdinho;Une fleur contre la terreur # @ Le Bataclan URL ;Mon Nov 16 14:44:17 CET 2015;fleur;1
666250260721836036;KA;Je viens de croiser Fleur Pellerin par hasard au Louvre ? ;Mon Nov 16 14:43:35 CET 2015;fleur;1
666250117062660096;Aku no Hana;# Attentats  :  Fleur Pellerin va débloquer un fonds spécial pour sécuriser les spectac .  .  .  URL # # # # ;Mon Nov 16 14:43:00 CET 2015;fleur;1
666249261282119680;WES Exhibition ;Fleur Pellerin :   " Tout sera fait pour que la musique continue de vivre dans notre pays "  URL ;Mon Nov 16 14:39:36 CET 2015;fleur;1
666248646422302721;Emile Zoula;@ jpens si tu lui achete d fleur c bon ;Mon Nov 16 14:37:10 CET 2015;fleur;1
666248326166224896;kidoshop;gilet orchestra molletonné noir avec revers blanc a motif avec fleur rose devant en tbe en 3 mois prix 3 . 80€ URL ;Mon Nov 16 14:35:53 CET 2015;fleur;1
666247887186194432;CBB;Fleur Pellerin annonce un fonds d'aide aux professionnels de la musique URL via @ ;Mon Nov 16 14:34:09 CET 2015;fleur;1
666247532926935041;Iron Man of Steel;@ non ils peuvent juste vous enlever la vie ,  à vous et tant d'autres .  Alors bon .  .  .  je suis pas trop dans le même mood fleur bleue .  ;Mon Nov 16 14:32:44 CET 2015;fleur;2
