671367889048477696;CRESS Limousin;La compagnie Le pas d'oiseau est prête à cloturer le mois de l'ESS en beauté .  .  .  # ;Mon Nov 30 17:39:12 CET 2015;oiseau;2
671367540757671936;ay ?;On dirait un oiseau ???? ;Mon Nov 30 17:37:49 CET 2015;oiseau;1
671367104134819840;BatoulyStar;L'oiseau ne suce pas et vole de ses ailes .  ;Mon Nov 30 17:36:05 CET 2015;oiseau;1
671366303517704192;Narcisse;@ mon petit oiseau des îles ?? ;Mon Nov 30 17:32:54 CET 2015;oiseau;2
671365960188694528;Vins Méditerranéens;Buvez un rouge # des Baronnies avec des rognons épicés .  La recette URL ©@ URL ;Mon Nov 30 17:31:32 CET 2015;oiseau;1
671363982461116416;Warren Bisso;On ne connait pas le caillou qui va tuer l'oiseau ;Mon Nov 30 17:23:41 CET 2015;oiseau;1
671361724398850048;Alex LB;Twitter un outil de partage ?  lol .  .  .  Que chacun garde bien son oiseau en cage .  .  .  .  # # ;Mon Nov 30 17:14:43 CET 2015;oiseau;0
671360982174842880;.  357Magnum;@ @ @ @ oui chante petit oiseau chante tu vas moins chanter batard tu vas danser ;Mon Nov 30 17:11:46 CET 2015;oiseau;0
671359815675965440;PurangsukissTweetsFr;[@ Mon premier sondage !  !   : )  Etes vous un oiseau matinal ou une chouette de la nuit  ?  ;Mon Nov 30 17:07:07 CET 2015;oiseau;1
671359099867701248;Antoine Guillot;Ce soir dans la # l'envol d'un oiseau aux couleurs de paradis .   Dès 21h dans la @ sur @ URL ;Mon Nov 30 17:04:17 CET 2015;oiseau;2
671359039444549632;Nisan Gogo;@  " la narine et l'oiseau "  Marie Miryam-Leeb ;Mon Nov 30 17:04:02 CET 2015;oiseau;1
671358966983729152;Rigolado;un oiseau brûle la priorité de droite à un boeing 747 URL ;Mon Nov 30 17:03:45 CET 2015;oiseau;1
671357503842721792;DimMfa ?;J'dois être un oiseau enft ? ;Mon Nov 30 16:57:56 CET 2015;oiseau;1
671355092407332864;Frenzzzy Cherie ???;Boeing 747 vs Oiseau URL ;Mon Nov 30 16:48:21 CET 2015;oiseau;1
671353293193535489;Jean-Michel Aplati;Fais comme l'oiseau et l'enfant # ;Mon Nov 30 16:41:12 CET 2015;oiseau;2
671353085655179264;MrHérisson;@ J'attends bien entendu tes retours sur l'un ,  l'autre ou l'ensemble de ces films l'oiseau bleu .  # ;Mon Nov 30 16:40:23 CET 2015;oiseau;1
671352980889853952;Achrvf la Legende;C'est quoi comme race l'oiseau de Twitter  ?  ?  ;Mon Nov 30 16:39:58 CET 2015;oiseau;1
671351111710846976;layal maxime;mon amour par mill oiseau chantant je t'aime ;Mon Nov 30 16:32:32 CET 2015;oiseau;2
671350436419473408;kelly;@ @ moi j'aime bcp les dessin anniversaire et la BD de l'oiseau ;Mon Nov 30 16:29:51 CET 2015;oiseau;2
671349419908952064;Jens Recher;Il vaut mieux un oiseau qui fait  " cui "  qu'un oiseau cuit #épanda #épanda_entpe ;Mon Nov 30 16:25:49 CET 2015;oiseau;2
671349291273842689;poulpejaune;Boeing 747 vs Oiseau URL via @ ;Mon Nov 30 16:25:18 CET 2015;oiseau;1
671348259294732288;Fred CHRONO;# Titus Calypsomatic 5913 ,  première série .  Oiseau rare et grand plaisir au poignet .  .  .  URL URL ;Mon Nov 30 16:21:12 CET 2015;oiseau;2
671347481469444096;Carole Cellier;Oiseau sur sa branche .  .  .  ? By © NSC Photography  :  URL URL ;Mon Nov 30 16:18:07 CET 2015;oiseau;1
671346869973458944;jeunefilleperdue;Un oiseau qui ne pouvait pas marcher à cause de ses ailes géant et de la neige qui a elle-même neigé .  ;Mon Nov 30 16:15:41 CET 2015;oiseau;1
671346681477267456;??????????;j'prefere quon m'écrase plutôt qu'un oiseau vole sur môi ;Mon Nov 30 16:14:56 CET 2015;oiseau;0
671344081151356929;Stephane israel;# # # # # @ Studio Photo Le Petit Oiseau Va Sortir URL ;Mon Nov 30 16:04:36 CET 2015;oiseau;1
671343064091385856;La Solitaire ...;J'aurais aimé être un oiseau un oiseau vert du Paradis survolant ,  ce paysage que  n'arrive pas à imaginer mais qui doit être d'une beauté .  .  .  ;Mon Nov 30 16:00:34 CET 2015;oiseau;1
671342586385309697;Nono The Kid;J'AI TUÉ UN OISEAU EN VOITURE ? ;Mon Nov 30 15:58:40 CET 2015;oiseau;0
671342401429073920;Le fun du web;Boeing 747 vs Oiseau URL URL ;Mon Nov 30 15:57:56 CET 2015;oiseau;1
671342055906394113;Acturlututu;Boeing 747 vs Oiseau :  Aux Pays-Bas ,  un avion Boeing 747-400 de la compagnie néerlandaise K . L . M en phase .  .  .  URL # ;Mon Nov 30 15:56:33 CET 2015;oiseau;1
671342024730148864;ELLOUMI;Restera t'il un chant d'oiseau URL ;Mon Nov 30 15:56:26 CET 2015;oiseau;1
671341923353759744;Wolfen infos fun;Un oiseau brûle la priorité de droite à un Boeing 747 :  Alors qu'il est en phase d'atterrissage ,  ce Boeing 747- .  .  .  URL ;Mon Nov 30 15:56:02 CET 2015;oiseau;1
671341759696343040;apolean;@ c le roi et l'oiseau grossput va faire à manger ;Mon Nov 30 15:55:23 CET 2015;oiseau;0
671340694456262657;FeedBuzz.net;Un oiseau brûle la priorité de droite à un Boeing 747 URL # ;Mon Nov 30 15:51:09 CET 2015;oiseau;1
671339402988232704;Le Furb;@ en attendant t'as un oiseau tatoué dans le cou # ;Mon Nov 30 15:46:01 CET 2015;oiseau;1
671338853442183169;Radio 100% Québec;LaZikDuQuebec vous offre Richard Desjardins - Le Coeur Est un Oiseau ( Qc Années 70 à 90 (2) ) #   --> URL ;Mon Nov 30 15:43:50 CET 2015;oiseau;1
671338293615833088;Foxy;en attendant le bus je me suis prise d'affection pour un petit oiseau trop mimi sur le trottoir d'en face en fait c'était une feuille morte ;Mon Nov 30 15:41:36 CET 2015;oiseau;2
671338267997020160;BlackApar;Ma mère m'a dit que ma tête ressemblait à un nid d'oiseau ??? ;Mon Nov 30 15:41:30 CET 2015;oiseau;0
671338134907547649;Koreus.com;Un oiseau brûle la priorité de droite à un Boeing 747 URL URL ;Mon Nov 30 15:40:58 CET 2015;oiseau;1
671335109971308544;@oiseau de nuit;@ @ merci beaucoup j aime le RCTet je suis une fidèle supportrice de nos ??? que je soutiens à fond ?????????Toulon ?? ;Mon Nov 30 15:28:57 CET 2015;oiseau;2
671333955199754241;Igor medvedovitch;si les oiseau se perdent il y a des wzones ou ce que les oiseaux mangeaient vont pulluler .  on va mettre des produits pour compenser .  ;Mon Nov 30 15:24:22 CET 2015;oiseau;0
671330707533336576;Myleniumscripta;Ce matin ,  capture d'un jeune oiseau aquatique en difficulté dans le jardin .  Nous l'avons emmené à la clinique .  .  .  URL ;Mon Nov 30 15:11:28 CET 2015;oiseau;1
671329165774331904;ROUSSELOT;En tweetant n'importe comment on peut libérer la parole qui enferme :  il faudra parler l'oiseau pour trouver la clef URL ;Mon Nov 30 15:05:20 CET 2015;oiseau;2
671328667759468544;Pisingos;@ GG Mama  !  Petit à petit l'oiseau fait son nid  : -) ;Mon Nov 30 15:03:21 CET 2015;oiseau;2
671327933785485313;Mangacast;# n°32  :  @ chronique L’oiseau bleu chez @ URL URL ;Mon Nov 30 15:00:26 CET 2015;oiseau;1
671325572723834880;storyplayr;Signature de J . S .  Blanck sur le stand de @ au # le 3/12 à 9h  :  URL ;Mon Nov 30 14:51:03 CET 2015;oiseau;1
671325306188378112;Al! Uno;@ Tu passes à la casa ou on se call .  Ça sera beaucoup mieux .  Les débats sur l'oiseau bleu c'est trop chronophage ? ;Mon Nov 30 14:50:00 CET 2015;oiseau;1
671324192051240960;L. van der Boer;@ Des nouvelles de Kenneth Cook  ?  Ne tirez pas sur l'oiseau moqueur  ?  L'étrange cabaret des fées désanchantées  ?  ;Mon Nov 30 14:45:34 CET 2015;oiseau;1
671323497319309312;Stephane israel;# # # # @ Studio Photo Le Petit Oiseau Va Sortir URL ;Mon Nov 30 14:42:49 CET 2015;oiseau;1
671323342348148736;Yupspadass;Moi je dit faudrais faire plus de poésie sur tweeter ,  histoire de nourrir l'oiseau de vers ;Mon Nov 30 14:42:12 CET 2015;oiseau;2
671321561589268480;La fille de l'Eden;Sandra y'a un énorme oiseau la .  .   " Énorme  ?  ?  "  ;Mon Nov 30 14:35:07 CET 2015;oiseau;1
671320256762224640;Oiseau Bleu;Mon cerveau dort ;Mon Nov 30 14:29:56 CET 2015;oiseau;1
671320030022381568;Spotted: CSTJ;Spotted à  " Renzo "  dans la pièce de théâtre  " l'oiseau vert "  t'était pas mal cute !  ;Mon Nov 30 14:29:02 CET 2015;oiseau;0
671319285357289474;prebost Christian;@ @ @ @  Ne Bourgets plus ,  le petit oiseau va sortir ;Mon Nov 30 14:26:04 CET 2015;oiseau;2
671318879809990657;Théâtre de Poche;A l'affiche cette semaine  !  A vol d'oiseau  :  URL Albert Meslay  :  URL # URL ;Mon Nov 30 14:24:28 CET 2015;oiseau;1
671318307262357504;veruca salt;@ ui félicitations agent oiseau tropical .  ;Mon Nov 30 14:22:11 CET 2015;oiseau;1
671317879212670976;Gene B.;bel oiseau original URL ;Mon Nov 30 14:20:29 CET 2015;oiseau;2
671316843336986625;Georgeslepoet; .  .  "  Un oiseau s'envole / Il n'a jamais craint la lumière / Enfermé dans son vol / Il n'a jamais eu d'ombre  "  .  . Eluard URL ;Mon Nov 30 14:16:22 CET 2015;oiseau;1
671315930329178112;chantalcourthial;Chantal est le proverbe « Petit à petit ,  l’oiseau fait son nid » .  URL ;Mon Nov 30 14:12:44 CET 2015;oiseau;1
671315102193336320;MSN;Le poulet de 3000 c'est l'oiseau mtn .  N'est ce pas c'est décembre  ?  ;Mon Nov 30 14:09:27 CET 2015;oiseau;1
671314163210297344;rachel sabin;1XX% avec vous , à ce sujet !  mais il espère durer et ce système lui serait défavorable ! pas naïf l'oiseau !  URL ;Mon Nov 30 14:05:43 CET 2015;oiseau;0
671314017512738817;sofrenchvintage;oiseau de paradis URL 1861 by Orbigny # # # # URL ;Mon Nov 30 14:05:08 CET 2015;oiseau;1
671313249330155520;larcherfrancais;L'Archer Français | Réponse à un lecteur  :  quand doit-on tirer l’oiseau  ?  URL ;Mon Nov 30 14:02:05 CET 2015;oiseau;1
671311307526840320;Sharingan !;Écartes les jambes ferme les volets l'oiseau est pret a décoller ;Mon Nov 30 13:54:22 CET 2015;oiseau;2
671310077907836928;Artprice.com;# - Georges BRAQUE - Au Couchant (Oiseau XVI) by @ URL URL ;Mon Nov 30 13:49:29 CET 2015;oiseau;1
671309016140771330;Johanna; "  Je cherche à vous montrer l'oiseau dans l'espace  "   Ma prof de philo c'est la soeur du christ cosmique en fait ;Mon Nov 30 13:45:16 CET 2015;oiseau;1
671306106082361345;Ango;L'oiseau ne suce pas ,  il vole de ses ailes ;Mon Nov 30 13:33:42 CET 2015;oiseau;0
671305941552381952;baobaby; "  tel un oiseau avec deux notes deux pour toute une vie avec deux notes seulement se rapatriant  "  HM / 1978 URL ;Mon Nov 30 13:33:03 CET 2015;oiseau;1
671303847801987072;Lydia Ludic;Le # # jusqu'à #émédja # #é # URL URL ;Mon Nov 30 13:24:44 CET 2015;oiseau;1
671303655958671360;Patricia Gonzalez;Frédéric Cogno - L'oiseau-fleur - Variations d'une plume - Les amours de livres de Falbalapat URL ;Mon Nov 30 13:23:58 CET 2015;oiseau;1
671303075253116928;asianlao02 ?;@ j'en ferai un oiseau sans tête ? ;Mon Nov 30 13:21:40 CET 2015;oiseau;0
671302855597400064;NannyCandy;Petit à petit ,  l'oiseau fait son riz .    # pour @ ;Mon Nov 30 13:20:47 CET 2015;oiseau;1
671302372048674816;publicart.io;# From @ Oiseau mécanique .  # # # # # #… URL ;Mon Nov 30 13:18:52 CET 2015;oiseau;1
671302324443328512;Audace Acecream;J'aime une vidéo @ de @ [Dofus] Oiseau du temps  "  Quel combat de merd .  .  .  .   "  URL ;Mon Nov 30 13:18:40 CET 2015;oiseau;1
671301278350331905;?? - ??? ?????? ????;I'm at L'Oiseau Blanc in Paris ,  Île-de-France URL ;Mon Nov 30 13:14:31 CET 2015;oiseau;1
671300368719065088;Anaïs ;Ma mère met du pain dans le jardin pour les oiseau  ,  ca ce fais encore ca  ?  ?  ;Mon Nov 30 13:10:54 CET 2015;oiseau;1
671299319669104644;Space Tiger;se maquiller :  20min se maquiller en musique :  30min se maquiller en musique avec l'oiseau :  now on est dans la merde ;Mon Nov 30 13:06:44 CET 2015;oiseau;0
671299250404372480;bac dz mention 7-0;@ @  c toi le mec grv cho ds sa story la mm t'as dis jv mettr la barre après t'as tué un oiseau nn ?  ;Mon Nov 30 13:06:28 CET 2015;oiseau;1
671298829073981440;Yacine X;Contrairement à un discours de Fabius ,  celui d'un chant d'oiseau est plus croyable .  Tu dis ça  ?  C'est possible !  # ;Mon Nov 30 13:04:47 CET 2015;oiseau;2
671298652967739393;My Bday 25Dec??;L'oiseau bleu ? URL ;Mon Nov 30 13:04:05 CET 2015;oiseau;1
671298449405583360;LPO Rhône;Il n'est pas trop tard pour découvrir l'oiseau du mois de novembre ,  le Pinson du Nord URL #é #écologie # ;Mon Nov 30 13:03:17 CET 2015;oiseau;1
671297736667471876;Audace Acecream;J'ai ajouté une vidéo à une playlist @ [Dofus] Oiseau du temps  "  Quel combat de merd .  .  .  .   "  URL ;Mon Nov 30 13:00:27 CET 2015;oiseau;1
671295454718648320;Pascal TOUITOU;ZAZ - L'oiseau :  URL ;Mon Nov 30 12:51:23 CET 2015;oiseau;1
671295133640491008;Ninou BZH;Facile que @ soit moins cher que @ à # vu que l'enseigne au p'tit oiseau n'existe pas en # ^^ ;Mon Nov 30 12:50:06 CET 2015;oiseau;1
671294997128478720;slttvb;Mon chien pourrait se battre avec un boxer mais il a peur d'un oiseau j'n'ai marre ;Mon Nov 30 12:49:34 CET 2015;oiseau;0
671293607589117952;Stephane israel;# # # # # @ Studio Photo Le Petit Oiseau Va Sortir URL ;Mon Nov 30 12:44:02 CET 2015;oiseau;1
671293154084155392;Stan Smooth;Le retour du plus bel oiseau de twiter @ j'ai pas compris le pourquoi du comment mais bon ,  well come back chatounne ? ;Mon Nov 30 12:42:14 CET 2015;oiseau;2
671289043846590464;Charpentier Stephane; " Pigeon ,  oiseau à la grise robe ,  dans l'enfer des villes ,  à mon regard tu te dérobes ,  tu es vraiment le plus agile .  "  ;Mon Nov 30 12:25:54 CET 2015;oiseau;2
671288215718854656;??????????????????;@ L`oiseau bleu # ;Mon Nov 30 12:22:37 CET 2015;oiseau;1
671285829604679680;?Batman & Robin?;@  télé .  .  .  graine d'oiseau .  .  .  télé .  .  .  graine d'oiseau .  .  .  télé .  .  .  graine d'oiseau .  .  .  télé .  .  .  graine d'oiseau .  .  .  Bonne nuit  !   : ) ;Mon Nov 30 12:13:08 CET 2015;oiseau;2
671283102711488512;Bernard;Hulot va ululant de médias en médias ,  oiseau de malheur rackettant les consciences # #  # @  URL ;Mon Nov 30 12:02:18 CET 2015;oiseau;1
671283070977314816;birthday j-3 ?;@ Au niveau de la fleur c'est dérangeant mais ça va mais l'oiseau sur la nuque ,  putain je l'ai sentit passer !  ;Mon Nov 30 12:02:10 CET 2015;oiseau;0
671282873173975041;scopalto;Revue Espèces URL   # # # # ;Mon Nov 30 12:01:23 CET 2015;oiseau;1
671282227037257728;Marc Topikeur;Petit à petit ,  l'oiseau fait son Nicolas Sarkozy .  # ;Mon Nov 30 11:58:49 CET 2015;oiseau;2
671282052457766913;.;@ AHahah .  Waaahaa grand .  Il faut leur laisser une chance .  On ne sait jameung l'oiseau qui peut être abattu par le caillou .  ;Mon Nov 30 11:58:07 CET 2015;oiseau;1
671281441137893377;JusteDo;@ Pauvre petit oiseau  : -) ;Mon Nov 30 11:55:42 CET 2015;oiseau;1
671280043931344896;New Jeux Video;[Actu Manga] L ? Oiseau bleu se dévoile dans un trailer plein d ? émotion chez Ki-oon  !  URL URL ;Mon Nov 30 11:50:08 CET 2015;oiseau;1
671277448613466112;Recherche animale;Les mêmes mécanismes physiques sont en jeu quand un # chante et un être # parle URL ;Mon Nov 30 11:39:50 CET 2015;oiseau;1
671277275044831232;Geekette;# Accroche-Clefs Cabane à Oiseaux Ensemble de 2 Support Porte-clé Moineau Oise URL ;Mon Nov 30 11:39:08 CET 2015;oiseau;1
671274710689292288;Radio Pomme d'Api pl;? Michel Fugain - Fais comme l'oiseau ;Mon Nov 30 11:28:57 CET 2015;oiseau;1
674649594731606016;RV;@ @ @ @ C'est la moindre des choses que d'illustrer ses propos ? ;Wed Dec 09 18:59:32 CET 2015;oiseau;0
674649937456586752;Laetitia;@ an chérie chérie !  *alice sapriche* @ @ @ ;Wed Dec 09 19:00:54 CET 2015;oiseau;1
674650506078367744;H-BRUNO #RCT ??;@ @ @ @ naaaaaannn je chante pcq les paroles de Véverr reflètent vos dire ?????? ;Wed Dec 09 19:03:09 CET 2015;oiseau;1
674653012858679297;@oiseau de nuit;@ @ @ @ @ adore être dans la dentelle pas mal non  ?  ;Wed Dec 09 19:13:07 CET 2015;oiseau;1
