666255742115127296;20 Minutes;VIDEO .  Attentats à Paris :  Les rumeurs et les hoax à ne pas croire URL URL ;Mon Nov 16 15:05:22 CET 2015;paris;1
666255740718460929;Matthieu Becquart;La légitime défense est un ordre - URL ;Mon Nov 16 15:05:21 CET 2015;paris;1
666255739439194112;Fabrice Mrdw;Hôpital des armées de Percy (Clamart) recherche d'urgence des donneurs de sang O négatif .  Contact 01 . 41 . 46 . 72 . 70 # # ;Mon Nov 16 15:05:21 CET 2015;paris;1
666255737937600512;Missan88;@ @ de l'attentat de Paris ,  daesh a fait un attentat au liban qui a fait 50 morts et 150 blessés mais ca tu t'en ;Mon Nov 16 15:05:21 CET 2015;paris;1
666255736360579076;Hablamos; " Laxisme "  , +fiches+ " S "  .  .  . +Les+5+mensonges+de+Nicolas+Sarkozy+après+les+attentats+à+Paris+Vu+sur+@ URL via tcabarrus ;Mon Nov 16 15:05:20 CET 2015;paris;1
666255727703498752;La Parisienne;Attentats à Paris  :  Prince ,  U2 ,  The Do ,  Nekfeu .  .  .  reportent leurs concerts URL ;Mon Nov 16 15:05:18 CET 2015;paris;1
666255727556718593;Clément Jaunay;Attention aux hoax  !   : )  Méfiez-vous du mail  " on est tous Paris "  URL via @ ;Mon Nov 16 15:05:18 CET 2015;paris;1
666255719675650048;Louisa;DU COUP LES ATHÉES ONT PRIÉ QUEL DIEU POUR PARIS  ?  ? ;Mon Nov 16 15:05:16 CET 2015;paris;1
666255719033872384;jlmcreation;# - Paris  :  musées ,  piscines ,  cinémas sont-ils ouverts  ?  -  URL URL URL ;Mon Nov 16 15:05:16 CET 2015;paris;1
666255717142253568;Joker Poissy;Tous les bénévoles d’une association humanitaire musulmane décédés lors de l’attaque à Paris URL via @ ;Mon Nov 16 15:05:16 CET 2015;paris;1
666255717016469506;song for someone;Je pars bientot direction Paris  !  ;Mon Nov 16 15:05:16 CET 2015;paris;1
666255716538126337;Swishy Kay D Off;Retweeted le10sport (@  Attentats à Paris  :  Une légende espère la délocalisation de l’Euro 2016  !  .  .  .  URL ;Mon Nov 16 15:05:15 CET 2015;paris;1
666255715145809921;mehrdad shahid;Attentats à # Gardiens de la Révolution # présentent la # responsable de Daech !   URL # ;Mon Nov 16 15:05:15 CET 2015;paris;1
666255709512867840;Olympos #VFrVN;@ Quand Marine a prevenue des menaces de Daech sur Paris les merdias et vous groupies PS vous l'avez accusé de jouer sur les peurs ;Mon Nov 16 15:05:14 CET 2015;paris;1
666255704102170624;infospresse;# - Paris  :  musées ,  piscines ,  cinémas sont-ils ouverts  ?  -  URL URL ;Mon Nov 16 15:05:12 CET 2015;paris;1
666255702017630208;Valle d'Aosta;Aujourd'hui ,  deuil régional en hommage aux victimes des attentats de Paris URL ;Mon Nov 16 15:05:12 CET 2015;paris;1
666255701900206080;Fischer  - Katy; " Des islamiistes affichent leur joie en suisse "  -   " Les massacres commis à Paris ont soulevé une vague .  .  .  URL ;Mon Nov 16 15:05:12 CET 2015;paris;1
666255699740106752;ActuDirect;Attentats de Paris  :  la Belgique au coeur de l'enquête URL # # URL ;Mon Nov 16 15:05:11 CET 2015;paris;1
666255699085803520;Dba Tuom;@ attention erreur dans citation ,  # a parlé de  " non musulman innocent "  !  cf .  URL  à 15 : 52 ;Mon Nov 16 15:05:11 CET 2015;paris;1
666255698733305856;ParisActu.fr;# # Le petit pont du fils de Beckham à son père (vidéo) :   L’ancien milieu de terrain du Paris Saint  .  .  .  URL ;Mon Nov 16 15:05:11 CET 2015;paris;1
666255695541608448;LesNews;Suivi - Selon @ Salah Abdeslam aurait été aperçu dans une commune de Meurthe et Moselle vers 11h URL ;Mon Nov 16 15:05:10 CET 2015;paris;1
666255695260606464;ActuDirect;L'Europe observe une minute de silence en hommage aux victimes des attaques à Paris URL URL ;Mon Nov 16 15:05:10 CET 2015;paris;1
666255694660702208;PSG  ICI C'EST PARIS;# # Le petit pont du fils de Beckham à son père (vidéo) :   L’ancien milieu de terrain du Paris Saint  .  .  .  URL ;Mon Nov 16 15:05:10 CET 2015;paris;1
666255692874055680;NRJ Limoges;La Haute Vienne Solidaire avec Paris ce midi .  URL ;Mon Nov 16 15:05:10 CET 2015;paris;2
666255684686782464;antoinefauchié;[veille] Forum du GFII ,  les 7 et 8 décembre 2015 au MAS ,  Paris - Syndicat national de l'édition URL ;Mon Nov 16 15:05:08 CET 2015;paris;1
666255684661448705;L'Obs;Avec # les Parisiens entrent en résistance > URL par @ URL ;Mon Nov 16 15:05:08 CET 2015;paris;1
666255676625260545;FIFDH_Paris;Bonjour @  , le Festival du ciné des droits de l'Homme souhaiterait vous rencontrer pour coopération .  Possible d'en discuter ?  ;Mon Nov 16 15:05:06 CET 2015;paris;1
666255675035484161;Oblomov se lève;@ @ je l'ai lu là ,  j'en sais pas plus :  URL ;Mon Nov 16 15:05:06 CET 2015;paris;1
666255661093797889;Salon des Animaliers;Solidaires des victimes des attentats de vendredi à Paris ,  de leurs familles ,  de leurs amis .   Le salon ouvrira .  .  .  URL ;Mon Nov 16 15:05:02 CET 2015;paris;1
666255660917592066;AL;John Oliver soutient la France sans mâcher ses mots (et c’est jouissif) URL via @ ;Mon Nov 16 15:05:02 CET 2015;paris;1
666337943590674433;labelletina;Attentats à Paris :  «Ils sont restés comme ça cinq secondes et sont partis» ,  raconte le .  .  .  URL via @ ;Mon Nov 16 20:32:00 CET 2015;paris;1
666337941933965312;Jean-Claude Delarue;@ Effectifs clairement insuffisants ,  non ?  ;Mon Nov 16 20:31:59 CET 2015;paris;0
666337940793073664;Sheldon Cooper;Attentats à Paris  :  solidaire ,  l’assurance poursuit sa mobilisation URL via @ ;Mon Nov 16 20:31:59 CET 2015;paris;1
666337940214308864;HOCINE ALEM;Paris sera toujours Paris # # ;Mon Nov 16 20:31:59 CET 2015;paris;2
666337939278979076;#COP21 News;le G20 veut un accord à Paris ,  malgré les attentats # URL ;Mon Nov 16 20:31:59 CET 2015;paris;1
666337934023499776;Karim;Se questionner sur les attentats de Paris ce n'est salir la mémoire des victimes .  Au contraire ,  c'est l'honorer que de chercher la vérité .  ;Mon Nov 16 20:31:58 CET 2015;paris;1
666337932354166784;AKiha??;Un artiste recouvre les sites des attentats d’œuvres de # via @ # # #  URL ;Mon Nov 16 20:31:57 CET 2015;paris;1
666337930747752448;paco solans;Frapper plus fort en Syrie et modifier la Constitution  :  ce que propose Hollande URL ABORD NETTOYER CHEZ SOI !  ;Mon Nov 16 20:31:57 CET 2015;paris;2
666337923126661120;Photographe Parisien;Qui veut son shooting photo dimanche  ?  # # # ;Mon Nov 16 20:31:55 CET 2015;paris;1
666337922275241984;Patricia Blairy;# et autres # après les attentats de Paris URL ;Mon Nov 16 20:31:55 CET 2015;paris;1
666337921901928448;Patricia M. Gagné;Le gros faux pas de Google Map après les # de # URL URL v/ @ ;Mon Nov 16 20:31:55 CET 2015;paris;1
666337921092440064;JOSEP M. LOSTE;Qu'est-ce que va se passer avec l'accord de Schengen après les actes du 13/11 à Paris  ?  L'Europe ,  l'UE pourrait «survivre» sans Schengen ?  ;Mon Nov 16 20:31:55 CET 2015;paris;1
666337920811429888;Manõ;Les américains ils sont super insolent Ils ont écrit sur leurs missiles  " From Paris with love "  ? ;Mon Nov 16 20:31:54 CET 2015;paris;2
666337919360176128;JB DESCHAMPS-BONHEUR;Attentats à Paris .  Le gouvernement craint des attaques aux gaz toxiques :  URL ;Mon Nov 16 20:31:54 CET 2015;paris;1
666337918525374464;Larry Braman;Je pense a vous ,  mon cher Paris .  URL ;Mon Nov 16 20:31:54 CET 2015;paris;1
666337917619580928;Geoffrey Pleyers;# # #  Quelques mots depuis la terrasse du #  URL ;Mon Nov 16 20:31:54 CET 2015;paris;1
666337917112029185;youri amine;Plusieurs actes islamophobes recensés après les attentats à Paris URL ;Mon Nov 16 20:31:54 CET 2015;paris;1
666337916902330368;SportFlux Info Sport;Info #  :  Attentats  :  le très beau message de Domenech - A la suite des attentats survenus vendredi à Paris ,  .  .  .  URL ;Mon Nov 16 20:31:54 CET 2015;paris;1
666337916336123905;Anne Laure ?;# elle ,  46 ans - elle 46 ans Paris 10e URL ;Mon Nov 16 20:31:53 CET 2015;paris;1
666337910078181380;+aftermath+;@ L'est républicain  URL ;Mon Nov 16 20:31:52 CET 2015;paris;1
666337905317707776;pray for paris;@ @ t con ,  ta bien eu raison de partir d'paris toi  : p ;Mon Nov 16 20:31:51 CET 2015;paris;1
666337898585829376;C. Jacob;Mes mots-clé :  civilisation ,  humanité ,  humanisme ,  fraternité ,  respect de la vie ,  solidarité ,  éducation ,  Lumières ,  cultures ,  République ,  Paris ;Mon Nov 16 20:31:49 CET 2015;paris;1
666337895377145857;Jérémo ??;# mon amour .  URL ;Mon Nov 16 20:31:48 CET 2015;paris;2
666337894135631876;Fils de presse;La réaction du Canada aux attentats de Paris URL ;Mon Nov 16 20:31:48 CET 2015;paris;1
666337892680208384;Fils de presse;Attentats de Paris à distance .  Témoignage d'une Française URL ;Mon Nov 16 20:31:48 CET 2015;paris;1
666337891371646976;GARANCE CLEMENT;Jean Jullien  :  l’artiste derrière le symbole de paix de Paris s’exprime - Elle URL via @ ;Mon Nov 16 20:31:47 CET 2015;paris;1
666337886002946049;Harrys Brickh ?;Ce qui s'est passé à Paris ,  se passe tous les jours en Syrie ,  Irak ,  Lybie ,  Afghanistan etc .  .  .  ;Mon Nov 16 20:31:46 CET 2015;paris;1
666337884581048320;François & Pascal;le Paris In Live Virgin Radio avec Simple Plan prévu ce soir et Paris In Live Virgin Radio avec Frero Delavega prévu mercredi sont annulés .  ;Mon Nov 16 20:31:46 CET 2015;paris;1
666337881586298880;Chacha; " Cerveau de l'opération "  c'est donné trop d'importance à cette personne .  .  .  # # # ;Mon Nov 16 20:31:45 CET 2015;paris;1
666337880227356673;Gabriel Cnudde;Chacun fait ce qu'il peut à son niveau .  Voilà d'ou vient la devise de Paris .  URL ;Mon Nov 16 20:31:45 CET 2015;paris;1
666337876465098752;Sarah ;Oh l'épisode de Homeland de cette semaine .  .  . le mot pour Paris ,  ils sont vraiment chou ces ricains  !  ;Mon Nov 16 20:31:44 CET 2015;paris;1
666337871549345792;Saint-Venant 62350;J'ai ajouté une vidéo à une playlist @ La Ville de Saint-Venant rend hommage aux Victimes des Attentats de Paris du 13 novembre ;Mon Nov 16 20:31:43 CET 2015;paris;1
666337870890868736;Salat Bernard;´ @ vous avez publié aussi Paris Bataclan ?  ;Mon Nov 16 20:31:43 CET 2015;paris;1
666337870559465472;Paul;2 mois après les belles Journées françaises au # la solidarité avec # et la # #   URL ;Mon Nov 16 20:31:42 CET 2015;paris;1
666337869590478848;madame melon;Nous continuerons d'aimer ,  boire et chanter URL ;Mon Nov 16 20:31:42 CET 2015;paris;2
666337868818812928;La vie Politique;Attentats à Paris :  « La Constitution doit offrir des armes législatives différenciées contre les actes qui veulent la détruire» … ;Mon Nov 16 20:31:42 CET 2015;paris;1
666337868781064192;Les Répulsifs 2016;Halleluia .  .  .  Un peu de # des jeunes ,  la vie à # ;Mon Nov 16 20:31:42 CET 2015;paris;1
666337865572483072;Sondage;Vous choqué après les attentat a # ;Mon Nov 16 20:31:41 CET 2015;paris;1
666337861541756930;Emploi Bobigny;LA COMPAGNIE DES FAMILLES recherche un # # 75015 -  12H/semaine à # # URL ;Mon Nov 16 20:31:40 CET 2015;paris;1
666337861025841152;Le Diffuseur;Attaques à Paris  :  La prise en charge des victimes filmée par les pompiers (VIDEO) URL ;Mon Nov 16 20:31:40 CET 2015;paris;1
666337859595563008;david C.;Expo paris 2décembre URL ;Mon Nov 16 20:31:40 CET 2015;paris;1
666337858681180161;?SpicyBurrito?;@  " préfet de police de paris "  et  " préfet de paris "  sont 2 fonctions différentes .  ;Mon Nov 16 20:31:40 CET 2015;paris;1
666337855787180034;youri amine; " Ludo s'est jeté devant une femme pour la protéger et a pris une balle "  URL ;Mon Nov 16 20:31:39 CET 2015;paris;1
666337850896465920;François P. Granger;Attentats de Paris  :  Réaction du Conseil Supérieur des Oulémas du Maroc URL ;Mon Nov 16 20:31:38 CET 2015;paris;1
666337849420210176;Enigme;@ @ @ @ Je t aime PARIS????????????????? ;Mon Nov 16 20:31:37 CET 2015;paris;2
666337848795246592;Sophie la Coquine;elle ,  46 ans - elle 46 ans Paris 10e URL ;Mon Nov 16 20:31:37 CET 2015;paris;1
666337845553070080;Marc Durant;Attention au mail On est tous Paris :  il s’agit d’un faux… URL via @ ;Mon Nov 16 20:31:36 CET 2015;paris;1
666337845360115712;Stefania Renda;@ aussi en italie ;Mon Nov 16 20:31:36 CET 2015;paris;1
666337845154566144;Jessica;Je suis paris???????????? ;Mon Nov 16 20:31:36 CET 2015;paris;2
666337844189900805;Alison ?;Paris n'a jamais été aussi beau que ce soir avec la # bleu blanc rouge ?? URL ;Mon Nov 16 20:31:36 CET 2015;paris;2
666337841362923520;yam;Une tel communion c'est beau Paris c'est très beau !  # ;Mon Nov 16 20:31:35 CET 2015;paris;2
666337840834457600;Yassira;Ça fait du bien de se balader dans Paris .  ;Mon Nov 16 20:31:35 CET 2015;paris;2
666337835243470849;InternaQc;Les anti-réfugiés durcissent le ton après les attentats de Paris URL ;Mon Nov 16 20:31:34 CET 2015;paris;1
666337833880276992;Disgusted;Regarder le Petit Journal .  .  .  Ça change des autres chaînes  !  On s'aperçoit d'un élan de vie à Paris au lendemain  !  ;Mon Nov 16 20:31:34 CET 2015;paris;1
666337830604443649;Tunisie Nouvelle;Hommage aux victimes des attentats de Paris en présence de l'ambassadeur de Tunisie URL ;Mon Nov 16 20:31:33 CET 2015;paris;1
666337827546791936;Maroc_News;Attentats de Paris :  Hollande annonce un changement radical de politique URL ;Mon Nov 16 20:31:32 CET 2015;paris;1
666337827047776257;Hercelin Bernard;La fille de l'homme qui avait interpellé Manuel Valls est décédée URL ;Mon Nov 16 20:31:32 CET 2015;paris;1
666337823838965760;Canal Actus;Attentats de Paris :  Hollande annonce un changement radical de politique URL ;Mon Nov 16 20:31:31 CET 2015;paris;1
666337821897170946;lau'||purpose|pfp;@ raccourci de mon prénom + l'album de JB + pray for Paris ;Mon Nov 16 20:31:31 CET 2015;paris;1
666337821750378496;Métro Montréal;Une femme enceinte retrouve le bon samaritain qui l’a sauvée des # URL URL ;Mon Nov 16 20:31:31 CET 2015;paris;1
666337819900649472;Violet;Henri Cartier-Bresson || Opera House ,  Paris ,  1954 URL ;Mon Nov 16 20:31:30 CET 2015;paris;1
666337810262196224;val;4 - A Paris aujourd'hui ,  hommage à toutes les victimes <3 URL ;Mon Nov 16 20:31:28 CET 2015;paris;1
666337806072049664;Éloïse ?;Le reportage du petit journal dans les rues de Paris ,  c'est vraiment trop emouvant ;Mon Nov 16 20:31:27 CET 2015;paris;1
666337805375811584;Derya Bildik;@ à Paris  ?  ;Mon Nov 16 20:31:27 CET 2015;paris;1
666337797935112192;Am.;C'est beau les mouvements de solidarité à Paris .  ;Mon Nov 16 20:31:25 CET 2015;paris;2
666337797230485505;romandie.com;Attentats :  American ,  Delta et United maintiennent leurs vols vers Paris URL ;Mon Nov 16 20:31:25 CET 2015;paris;1
666337796077023232;p a r i s ??;hier Charlie ,  aujourd'hui Paris ,  demain la vie .  ;Mon Nov 16 20:31:25 CET 2015;paris;1
666337791089975296;Binour;J'suis pas allé défiler à Paris car ceux qui ont tué 2000innocents Palesti(1/3 d BB) en tueront t bientôt d’aut ss le silen de c aut barbar… ;Mon Nov 16 20:31:24 CET 2015;paris;1
666337789269712900;Egline Lespes;Le présentateur de Last week tonight John Oliver répond avec humour après les attentats de Paris  !  URL ;Mon Nov 16 20:31:23 CET 2015;paris;1
666337789110284290;Alexandre;DIRECT .  Attentats de Paris :  Hollande devant le congrès ,  deux suspects inculpés pour  " attentat terroriste "   URL ;Mon Nov 16 20:31:23 CET 2015;paris;1
666337786405003266;Israel Valley;France-israël :  Attentats à Paris :  L'Ambassade de France en Israel met en place un registre de condoléances URL # ;Mon Nov 16 20:31:22 CET 2015;paris;1
666337783548616705;Poniatowski marie;Paris je t aime  # #  #  # #… URL ;Mon Nov 16 20:31:22 CET 2015;paris;2
666337783275982848;Israel Valley;Éditorial :  La couverture des médias israéliens sur les attentats de Paris .  URL # ;Mon Nov 16 20:31:22 CET 2015;paris;1
666337776040697856;PI France;[Vidéo] France :  Abdelhamid Abaaoud dit « le Belge » ,  soupçonné d’être le commanditaire des att .  .  .  URL # # ;Mon Nov 16 20:31:20 CET 2015;paris;1
666337774606270464;Aku no Hana;# [Vidéo] France :  Abdelhamid Abaaoud dit « le Belge » ,  soupçonné d’être le commanditaire .  .  .  URL # # ;Mon Nov 16 20:31:20 CET 2015;paris;1
666337772999852032;Aku no Hana;# La ministre suédoise accuse indirectement Israël des attentats de Paris :  La ministre d .  .  .  URL # # ;Mon Nov 16 20:31:19 CET 2015;paris;1
666337771842371584;CADSV Accompagnement;Arrêté Exceptionnel  :  Suite aux attentats du 13 . 11 . 2015 à Paris ,  le Président ordonne la fermeture des permanences accueil sur le 34 ;Mon Nov 16 20:31:19 CET 2015;paris;2
666337770667819008;Aku no Hana;# Attentats à Paris :  Un faux email titré «On est tous Paris» pourrait cacher un logiciel .  .  .  URL # # ;Mon Nov 16 20:31:19 CET 2015;paris;1
666337770550525954;Boucle d'or?;Je pense fort à ma meilleure amie qui se trouve entre Paris et seine saint Denis ? ;Mon Nov 16 20:31:19 CET 2015;paris;2
666337770416283649;Juliette; " Je perdrais 400 euros s'il le faut ,  c'est pas un pb ,  mais ma fille tu ne mettras pas un pied à Paris "  Maman Je t'aime ;Mon Nov 16 20:31:19 CET 2015;paris;1
666355050420248576;Samuel Chaignepain; " On est tous Paris "   :  le mail-virus contenant une image de bébé n'existe pas - Société URL ;Mon Nov 16 21:39:58 CET 2015;paris;1
666355046225981440;Sabrina DJackson;J'suis à la gare de Paris la j'entend une meuf dire  " nan il est pas beau ce mec j'en veut pas ramène moi un beau mec "  Naaaan beeeeein !  ;Mon Nov 16 21:39:57 CET 2015;paris;1
666355040999882752;NICOLET Virginie;À l'unisson .  Attentats de Paris  :  la presse du monde entier rend hommage à la France URL ;Mon Nov 16 21:39:56 CET 2015;paris;1
666355037044670464;Camille Provins;L'homme qui est recherché suite aux attentats de Paris est apparemment à quelques kilomètres d'oú je suis .  .  J'espère que c'est faux !  ;Mon Nov 16 21:39:55 CET 2015;paris;1
666355028152684544;Xavier_ABL;I'm at Parti Socialiste in Paris ,  Île-de-France URL ;Mon Nov 16 21:39:53 CET 2015;paris;1
666355025892007937;Soundcloud & Chill;Mais du coup on est Charlie ou Paris ?  !   : / ;Mon Nov 16 21:39:53 CET 2015;paris;1
666355022867922944;Igor Gomes;Prier pour Paris .  ? URL ;Mon Nov 16 21:39:52 CET 2015;paris;1
666355015330701312;sev;Attentats de Paris  :  l'amertume des Libanais qui se sentent oubliés - Le Point URL ;Mon Nov 16 21:39:50 CET 2015;paris;1
666355011648143360;WYN FOOT;Attentats à Paris  :  l'incroyable fausse histoire du kamikaze refoulé au Stade de France !  # URL URL ;Mon Nov 16 21:39:49 CET 2015;paris;1
666355009295097856;jascapital_news;Le_Figaro :  Quels ont été les hashtags les plus forts après les attentats ?   >> URL via Madamef… URL ;Mon Nov 16 21:39:49 CET 2015;paris;2
666355007609020417;JACKY  SEVRIN;Attentats de Paris :  ce Marocain qui a sauvé la France d’un carnage spectaculaire URL ;Mon Nov 16 21:39:48 CET 2015;paris;1
666355003704156160;Je Suis Le Bateman;Isis c'est paris ;Mon Nov 16 21:39:47 CET 2015;paris;1
666355002638749696;eden9;Attentats à Paris :  Alban ,  32 ans ,  tué au Bataclan URL ;Mon Nov 16 21:39:47 CET 2015;paris;1
666355001518854144;Arnow';Jean Marie c'est toi  ?   URL ;Mon Nov 16 21:39:47 CET 2015;paris;1
666355000457764864;Pssiiitttt;@ URL Vet article prétendument mis à jour est SATURÉ d'inexactitudes .   C'est honteux .  ;Mon Nov 16 21:39:47 CET 2015;paris;0
666354997714530305;Actu Foot en direct;? # # Allemagne  :  Löw remercie les Bleus :  Après les attentats de vendredi soir à Paris ,  la question d .  .  .  URL ;Mon Nov 16 21:39:46 CET 2015;paris;1
666354993201553408;olivier rubay;# n'éteignons jamais la lumière de Paris .  ;Mon Nov 16 21:39:45 CET 2015;paris;1
666354991838470146;Hélène Zelany;Les Anonymous veulent  " traquer "  les responsables des attentats de Paris ,  URL via @ ;Mon Nov 16 21:39:44 CET 2015;paris;1
666354989879697410;Agathe Muller;Les attentats à Paris révèlent les limites de Daesh URL ;Mon Nov 16 21:39:44 CET 2015;paris;1
666354989208506368;FR-football;Allemagne  :  Löw remercie les Bleus :  Après les attentats de vendredi soir à Paris ,  la question de la  .  .  .  URL # ;Mon Nov 16 21:39:44 CET 2015;paris;1
666354983156244481;Caïn;Zep évoque les attentats de Paris URL via @ ;Mon Nov 16 21:39:42 CET 2015;paris;1
666354982015393792;Ambre.;JMEN BALEK MÊME SI C'EST À PARIS IL FAUT QUE J'Y AILLE OW ;Mon Nov 16 21:39:42 CET 2015;paris;1
666354980354465792;DataGroup Asia;# # Groupe JAJ  :  # # Analysts conclude sure sales profits in Nov 2015 .  URL # ;Mon Nov 16 21:39:42 CET 2015;paris;1
666354978777354240;Mélanie Faure;@ Bonsoir .  Une intervention prévue à Paris 15 pr internet ?  Je travaille a domicile (journaliste freelance) ca devient gênant .  ;Mon Nov 16 21:39:41 CET 2015;paris;1
666354978185981952;Cha;Sarah m'a répondu j'ai eus peur elle Paris et ça faisait depuis les attentats qu'elle répondait ;Mon Nov 16 21:39:41 CET 2015;paris;0
666354968992043009;Prod'homme;DIRECT .  Regardez  " Des paroles et des actes "  consacré aux attentats de Paris sur France 2 URL via francetvinfo ;Mon Nov 16 21:39:39 CET 2015;paris;1
666354967825920001;Andrea Fregonese;Ronco Biellese (IT) avec la France et Paris .  Solidarité n'a pas de frontières !  # @ URL ;Mon Nov 16 21:39:39 CET 2015;paris;1
666354966001557504;????;@ koooo vient et on monte à Paris ensemble après ;Mon Nov 16 21:39:38 CET 2015;paris;1
666354964575494144;AliMorad Ashrafi;hommage du camp liberty en Irak aux victimes de Paris 16nov2015 URL ;Mon Nov 16 21:39:38 CET 2015;paris;1
666354964520935424;Rachid Boulayoun;En 2 jours il a enfilé le costume de roi de France .  .  .  que fait le Comte de Paris  ?  ?  ?  ;Mon Nov 16 21:39:38 CET 2015;paris;1
666354954215493633;Agate Orage;J'aime une vidéo @ de @ Message des Anonymous suites aux attentats de Paris le 13 novembre 2015 ;Mon Nov 16 21:39:36 CET 2015;paris;1
666354949928816640;Romaric;Attentats à Paris :  un jeune homme perturbé tire avec un pistolet d'alarme à Corbais Le Soir Un jeune homme… URL ;Mon Nov 16 21:39:34 CET 2015;paris;1
666354949438115840;Top Paris Photo;Happy Birthday @ ??? !  !    .   La TOP photo de Paris a été prise par @ • Après… URL ;Mon Nov 16 21:39:34 CET 2015;paris;2
666354948683231233;Paige;Musée d'Orsay ,  Paris VII # # URL ;Mon Nov 16 21:39:34 CET 2015;paris;1
666354945319415810;Aurelie;J'aime une vidéo @  " AUJOURD'HUI PARIS ,  DEMAIN LA VIE .  .  .  .  "  à l'adresse URL ;Mon Nov 16 21:39:33 CET 2015;paris;1
666354940785377281;Gwenou;En plus le fait que je vais sur Paris dans moins d'un mois .  .  .  Je sais pas si j'arriverai à monter dans le train et profiter de mon concert .  .  ;Mon Nov 16 21:39:32 CET 2015;paris;2
666354940185546755;Nat Lef;Attentats de Paris  :  étudiants et personnels en deuil à l’université Paris-Est Marne-la-Vallée - Letudiant . fr :  URL ;Mon Nov 16 21:39:32 CET 2015;paris;1
666354927522996224;AJIRE;AJIRE vous annonce que la # est reportée à fin mars 2016 .  Merci de votre compréhension . # # # URL ;Mon Nov 16 21:39:29 CET 2015;paris;1
666354926466039808;Marie Julie Gagnon;Paris sera toujours une fête .  Dany Laferrière :  URL (via @ # ;Mon Nov 16 21:39:29 CET 2015;paris;1
666354926440837120;TheReluctantOptimist;L’air Du Temps Latifa Echakhch Winner of Prix Marcel Duchamp (2013-2014)  Installation view ,  Centre Pompidou ,  Paris URL ;Mon Nov 16 21:39:29 CET 2015;paris;1
666354926130470912;mohanad.alkhaier;Bientôt ,  nous allons voir les massacres français contre le peuple syrien et non vers isis   .  .  .  # # # # ;Mon Nov 16 21:39:29 CET 2015;paris;1
666354925954183168;Educa;@ Etudiant ,  partagez nous vos photos ,  vos réactions ,  vos initiatives ,  vos dessins  !  Publication à venir ,  soyez nombreux  !  ;Mon Nov 16 21:39:29 CET 2015;paris;1
666354923571798016;Dydier;Fleur Pellerin  :  la # continuera de vivre dans notre pays URL # # # ;Mon Nov 16 21:39:28 CET 2015;paris;1
666354916580007936;Mousse ???;Attention aux Hoax  URL ;Mon Nov 16 21:39:27 CET 2015;paris;1
666354914549985280;Attentat réussi +1 !;# VIDEO  :  Attentats à Paris - Drôles de hasards ->  URL ;Mon Nov 16 21:39:26 CET 2015;paris;1
666354910921940992;? Yakui ?;Quand l'ennuie me ronge Bah voilà Salut Paris # URL ;Mon Nov 16 21:39:25 CET 2015;paris;1
666354909168668672;Vin's - Eliaenor;@ Si jamais vous cherchez un AdminSyS / Technicien de maintenance info / Ingenieur Reseau pour Paris ,  je suis dispo et pas cher .  ;Mon Nov 16 21:39:25 CET 2015;paris;1
666354907234988032;Elias Akentour;Mes condoléances aux victimes # # # # # URL ;Mon Nov 16 21:39:24 CET 2015;paris;1
666354903674167297;Marco ??????;Plus que jamais ,  la plus belle ???? # # # # ??? URL ;Mon Nov 16 21:39:23 CET 2015;paris;2
666354902071975936;Mélodie Arts ;Depuis les attentats de vendredi ,  le monde de la musique réagit à sa façon .   Les réactions des chanteurs .  .  .  URL ;Mon Nov 16 21:39:23 CET 2015;paris;1
666354898775048192;LeClubFranglais;Merci Geoff et We Are South Devon  : -) x URL ;Mon Nov 16 21:39:22 CET 2015;paris;1
666354898141847552;#prayforpeace;Hier mn oncle il disait qu'il faisait froid chez nous ,  mon b-pere a rep ''ouais t'as vu a paris par contre c chaud'' j'en ai marre dla vie ;Mon Nov 16 21:39:22 CET 2015;paris;1
666354897701441536;René-Pierre Boyer;Bing Crosby chante en Français Mademoiselle de Paris avec Paul Durand et .  .  .  URL via @ ;Mon Nov 16 21:39:22 CET 2015;paris;1
666354897495945216;Didon;@ @ Oh ,  mais ne sois pas sur les nerfs à cause de Paris  !  Et puis ,  comme dit Cassou ,  on t'aime ,  c'est l'essentiel  !  ;Mon Nov 16 21:39:22 CET 2015;paris;1
666354892060164096;???? ?? ?????;Evènements de Paris ,  un autre regard !  URL     #     #     # URL ;Mon Nov 16 21:39:21 CET 2015;paris;1
666354888868306944;Romain Gerard;Fière de nos couleurs  !  !  !   URL ;Mon Nov 16 21:39:20 CET 2015;paris;1
666354887417044992;FMCG UK;Mashable’s ‘En mémoire’ Twitter account is sending out one tweet for each Paris victim # URL ;Mon Nov 16 21:39:20 CET 2015;paris;1
666354885915508736;peggy s.;Je n'ai pas vu la mémé de bfmtv ,  je n'ai pas vu le LPJ ,  je n'ai pas lu vos mots Mais je vous aime , je suis tellement fiere de vous ?? # ;Mon Nov 16 21:39:19 CET 2015;paris;2
666354882350215168;Paris France;Hollande va aussi s'exprimer devant les maires URL ;Mon Nov 16 21:39:18 CET 2015;paris;1
666354880509050880;U2;URL A lire ,  mes amis ,  à lire ;Mon Nov 16 21:39:18 CET 2015;paris;1
666354875513634816;hodamohammadi;Mullahs’ regime’s despicable jubilance & attempt to exploit # terrorist catastrophe .  # # # # URL ;Mon Nov 16 21:39:17 CET 2015;paris;1
666354874376933378;Nicolas FAURIE;Le danger des têtes mal faites sur FB et twitter &co .  Comment les réseaux sociaux m'ont accusé à tort de terrorisme URL ;Mon Nov 16 21:39:16 CET 2015;paris;0
666354873034670080;Anna G;La ville de l'amour w/ mes amours ???? @ Paris ,  France URL ;Mon Nov 16 21:39:16 CET 2015;paris;2
666354866495823872;Winter Steele; " Laxisme "  ,  fiches  " S "  .  .  .  Les 5 mensonges de Nicolas Sarkozy après les attentats à Paris Vu sur @ URL ;Mon Nov 16 21:39:15 CET 2015;paris;1
666354866109980672;kokab;Mullahs’ regime’s despicable jubilance & attempt to exploit # terrorist catastrophe .  # # # # URL ;Mon Nov 16 21:39:15 CET 2015;paris;1
666354866076426240;bâtard.;@ franchement faut pas succomber à la peur puis les billets jusqu'à Paris doivent être moins cher la mdrrr ;Mon Nov 16 21:39:15 CET 2015;paris;0
666354864763641856;Rue89 Strasbourg;Importante opération policière à Neudorf où des témoins pensent avoir vu l'un des tueurs de Paris # ;Mon Nov 16 21:39:14 CET 2015;paris;1
666354862486134785;DJ Rascal ™;Erdogan ne veut pas que Paris touche à ses petits copains de Daesch… et menace Paris  !  URL ;Mon Nov 16 21:39:14 CET 2015;paris;1
666354861311684608;pray for paris?;@ Disney c'est pas à Paris même trql ;Mon Nov 16 21:39:13 CET 2015;paris;1
666354860325863425;Pierre Secondi;Paris .  Je t'aime .  # # # @ Tour Eiffel URL ;Mon Nov 16 21:39:13 CET 2015;paris;1
666354856697962502;haneyhmohammadi;Mullahs’ regime’s despicable jubilance & attempt to exploit # terrorist catastrophe .  # # # # URL ;Mon Nov 16 21:39:12 CET 2015;paris;1
666354849550884864;Christine H-A;Le terroriste encore recherché pour les attaques de # aurait été vu dans le # à # # ;Mon Nov 16 21:39:11 CET 2015;paris;1
666354845679529984;davood zaree;Mullahs’ regime’s despicable jubilance & attempt to exploit # terrorist catastrophe .  # # # # URL ;Mon Nov 16 21:39:10 CET 2015;paris;1
666354845134282752;Liberer le Gabon;Yayi Boni décréte ,  comme cela était prévisible ,   1 jr pr les récentes attaques de Paris .  Il fait des deuils nationaux son boulot .  Mrd prési ;Mon Nov 16 21:39:10 CET 2015;paris;1
666354843569807360;damien bourgeois;Attentats de Paris  :  Message d'Henri de Castries ,  Président Directeur Général # URL ;Mon Nov 16 21:39:09 CET 2015;paris;1
666354840264679425;Aurélien Fabiano;J'aime les coussins et la merde  ! # # # # # # #… URL ;Mon Nov 16 21:39:08 CET 2015;paris;0
666354836733083650;haniehmohammadi;Mullahs’ regime’s despicable jubilance & attempt to exploit # terrorist catastrophe .  # # # # URL ;Mon Nov 16 21:39:08 CET 2015;paris;1
666354833402830850;Hidayah Séminaires;Excellente analyse de notre Professeur Mustafa Kastit sur les événements meurtriers de #  URL ;Mon Nov 16 21:39:07 CET 2015;paris;1
666354826327040000;pcq jtm pas.;j'vous comprend pas c'est pas Paris qui a été toucher mais la république française ,  la France ,  notre France .  ;Mon Nov 16 21:39:05 CET 2015;paris;1
666354824598843392;Breaking3zero;Perquisition en cours à # (Photo instagram TaranisNews) # URL ;Mon Nov 16 21:39:05 CET 2015;paris;1
666354824489934850;Aninha; " C'est la romance de # Au coin des rues ,  elle fleurit Ça met au coeur des amoureux Un peu de rêve et de ciel bleu "  ;Mon Nov 16 21:39:05 CET 2015;paris;1
666354824305184769;sabamohammadi;Mullahs’ regime’s despicable jubilance & attempt to exploit # terrorist catastrophe .  # # # # URL ;Mon Nov 16 21:39:05 CET 2015;paris;1
666354821851664384;E L U E S;Il s'appelle Yohan ou Yoann ,  22 ans ,  Paris ,  il a une licence en commerce je crois ,  et il est beau voila si quelqu'un le connaît ? ;Mon Nov 16 21:39:04 CET 2015;paris;1
666354818336874496;Transports-IDF;# #  Mesures de sécurité suite aux attentats de PARIS .  Les parcs Disneyland sont fermés au public lundi 16 et m [1/2] ;Mon Nov 16 21:39:03 CET 2015;paris;1
666354814821994499;Óðinn;Attentats à Paris .  La France se prépare à des attaques aux gaz toxiques URL via @ ;Mon Nov 16 21:39:02 CET 2015;paris;1
666354811311398914;Nathalie Tremblay;ARRËTEZ de partager s ' il vous plait  .  .  .  .  .  Voilà  .  .  .  .  Un canular  :   Cela ne sert donc à rien de partager la .  .  .  URL ;Mon Nov 16 21:39:01 CET 2015;paris;1
666354810535456768;Jey;mélodie a demandé a mon prof d'eco ce qu'il pensait de tout ça  (Paris) et il a dit  "  je m'en fou , vous en parlerez en histoire ,  pas ici "  ;Mon Nov 16 21:39:01 CET 2015;paris;0
666354803224788993;bob;Attentats de Paris  :  l'amertume des Libanais qui se sentent oubliés URL URL ;Mon Nov 16 21:39:00 CET 2015;paris;1
666354799944802304;Berthevas Cécilia;Maxime ,  Halima ,  Nicolas ,  Precilia .  .  .  Les victimes des attentats de Paris - Yahoo Actualités France URL via @ ;Mon Nov 16 21:38:59 CET 2015;paris;1
666354797436628992;PRAY FOR THE WORLD;Saint Laurent Paris  # Justin Bieber URL ;Mon Nov 16 21:38:58 CET 2015;paris;1
666354794949386241;Le Kiki;28 au 12----> Paris ???? ;Mon Nov 16 21:38:58 CET 2015;paris;1
666354791166173185;TRIT'SI;@ Par contre ,  avec ces merdes d'attentats ,  je ne sais pas quand est-ce que je vais revenir sur Paris .  .  .  ;Mon Nov 16 21:38:57 CET 2015;paris;1
666354790268407809;Sanae ;Tour Eiffel est en train de pleurer .  Notre priere est avec # URL ;Mon Nov 16 21:38:56 CET 2015;paris;1
666354785952604160;Gillou Richardson;Ils sont vraiment trop laxiste sur la sécurité ,  t'as même pas l'impression qu'il y a eu un attentat en plein Paris vendredi dernier .  ;Mon Nov 16 21:38:55 CET 2015;paris;1
666354785172484096;Light ZOOM Lumière;10 rumeurs et intox qui circulent après les attentats du 13 novembre URL ;Mon Nov 16 21:38:55 CET 2015;paris;1
666354781540192257;Tintin Lahurlette;# Billet Citoyen Le Jour d'après .  .  .   Paris .  14 novembre 2015 .  Le jour d'après .  Rues dé URL via @ ;Mon Nov 16 21:38:54 CET 2015;paris;1
666354780567117824;fournier yolande;Attentats de Paris  :   Marine Le Pen s'adresse aux Français (14 novembre  .  .  .  URL via @ ;Mon Nov 16 21:38:54 CET 2015;paris;1
666354778826518528;Parlons NBA;Allez suivre @  !  C'est grâce à lui que vous gagnerez quelques écus aux paris sportifs .  Il est proche des 10 . 000  !  ;Mon Nov 16 21:38:54 CET 2015;paris;1
666354775827566593;paolo ignazio marong;le monde .  .  .  la mode .  .  .  .  #  URL ;Mon Nov 16 21:38:53 CET 2015;paris;1
666354773562662913;Mégane;Être à Paris dans ces moments là .  .  Magique .  ???? ;Mon Nov 16 21:38:52 CET 2015;paris;1
666359396709048320;104,7 FM Outaouais;Attentats à Paris :  un urgentiste témoigne de la soirée noire du vendredi 13 .  URL ;Mon Nov 16 21:57:15 CET 2015;paris;1
666359436764692480;Goretty FERREIRA;Je suis Française ,  je suis libre ,  je suis Paris ?? URL ;Mon Nov 16 21:57:24 CET 2015;paris;2
666359432402616320;laurent johanny;Ma réaction  :   " Liberté ,  égalité ,  fraternité ,  laïcité "  # # URL # # # ;Mon Nov 16 21:57:23 CET 2015;paris;1
666359429701455873;Ambre Wegrzyniak;@ je taime paris ;Mon Nov 16 21:57:23 CET 2015;paris;2
666359424034828288;libnanews;Nouvel Article # Paris :  A Moment of Profound Challenge URL ;Mon Nov 16 21:57:21 CET 2015;paris;1
666359418552868864;libnanews;Avez vous lu Attentats de Paris :  nouvelle opération de la police belge en cours à Molenbeek URL  # ;Mon Nov 16 21:57:20 CET 2015;paris;1
666359413985316864;Info Paris;Un homme condamné pour apologie du terrorisme à Paris URL # ;Mon Nov 16 21:57:19 CET 2015;paris;0
666359413452742656;Flood lord;Attentats à Paris :  2 . 500 personnes à la cathédrale pour montrer «l'unité de la nation» URL URL #… ;Mon Nov 16 21:57:19 CET 2015;paris;1
666359404711813120;ju;C'est qd jdeviens riche jme marie à un riche et jdemenage de Paris svp dites-le moi ;Mon Nov 16 21:57:17 CET 2015;paris;1
666359402853699584;Archer France;# En signe de solidarité avec Beyrouth ,  Moscou et Paris ,  des pyramides illuminés aux drapeaux de # URL ;Mon Nov 16 21:57:16 CET 2015;paris;1
666359392057602049;Sonia Ducor?;Prions pour dissiper les ténèbres  Que les grands saints de la France intercèdent pour la protéger URL ;Mon Nov 16 21:57:14 CET 2015;paris;1
666359388777652225;TVA nouvelles;Les victimes des attentats de Paris pour la plupart identifiées :  URL URL ;Mon Nov 16 21:57:13 CET 2015;paris;1
666359387431297028;Audieuse;Depuis Justine ,  toutes les nanas un peu trop jolie (pour Adp hein) puent les paris perdus .  # ;Mon Nov 16 21:57:12 CET 2015;paris;0
666359386936320001;gueneau;La France d'après | @  :  URL via @ ;Mon Nov 16 21:57:12 CET 2015;paris;1
666359386428719104;MichelBOfficiel;Attentats de Paris  :  le principal suspect introuvable ,  la France se recueille :  Trois jours après les attentats de… URL ;Mon Nov 16 21:57:12 CET 2015;paris;1
666359386411941888;Trendsmap Paris;# est désormais une tendance dans # URL ;Mon Nov 16 21:57:12 CET 2015;paris;1
666359374856765440;Maeva;@ @ Toi t'es a Paris ,  à Toulouse en ce moment y'a vraiment des menaces ,  je préfère pas prendre de risque ;Mon Nov 16 21:57:09 CET 2015;paris;0
666359373434920964;Eric MHI;Attentats du 13 novembre  :   " L'armée de terre est sous-dimensionnée pour faire face "  URL via @ ;Mon Nov 16 21:57:09 CET 2015;paris;1
666359373334204418;Anaïs Berno;Un monsieur a d'ailleurs proposé qu'on  " supprime carrément toutes les religions "  comme ça on s'entendrait enfin .  .  .  # # # ;Mon Nov 16 21:57:09 CET 2015;paris;1
666359372176584704;DíazArreola;Tour Eiffel .  Paris ,  France .  2015 .  # # # # # #… URL URL ;Mon Nov 16 21:57:09 CET 2015;paris;1
666359370784075780;Christine Delfosse;Brocolis ,  chou vert ,  tomates et champignons de Paris ,  sautés à la poêle avec de l'ail et des épices ,  arrosés en .  .  .  URL ;Mon Nov 16 21:57:09 CET 2015;paris;1
666359367177019392;France france;DIRECT .  Regardez  " Des paroles et des actes "  consacré aux attentats de Paris sur France 2 URL via @ ;Mon Nov 16 21:57:08 CET 2015;paris;1
666359365679587329;Philippe M;Pauvre type @ URL ;Mon Nov 16 21:57:07 CET 2015;paris;1
666359353939771396;Fannyyy;Montagne en scène au top (@ Palais des Congrès de Paris - @ in Paris ,  Île-de-France) URL ;Mon Nov 16 21:57:04 CET 2015;paris;1
666359346532589568;Enlace Minero; " On est tous Paris "  :  le mail mettant en garde contre un virus est un canular URL ;Mon Nov 16 21:57:03 CET 2015;paris;1
666359346205470720;? Sylvie;@ A Paris ,  au travail .  Donc on ne se laisse pas faire et on ne se terre pas chez nous .  On sort .  ;Mon Nov 16 21:57:03 CET 2015;paris;1
666359342829051904;Jean-Marc Ernes; "  Barbès / Paris "  par FFF 16/11/2015 URL ;Mon Nov 16 21:57:02 CET 2015;paris;1
666359341935673345;Tony B;Ici c'est ?  Paris URL ;Mon Nov 16 21:57:02 CET 2015;paris;1
666359339670745089;SoualigaPost; " Minute de silence ,  hommage aux victimes des attentats de Paris ,  Saint-Martin "   :  URL via @ ;Mon Nov 16 21:57:01 CET 2015;paris;1
666359334541094912;Mythoo'Mv;Je n'ai pas été Charlie ,  Je ne serais pas Paris non plus je rentrerais pas dans les détails et les débats chacun sa façon de passer .  ;Mon Nov 16 21:57:00 CET 2015;paris;0
666359333685493760;Walter White;La police qui essaye d'attraper Abdeslam Salah # # URL ;Mon Nov 16 21:57:00 CET 2015;paris;1
666359330619437056;HoodStar CB;Paris?? URL ;Mon Nov 16 21:56:59 CET 2015;paris;1
666359328027217920;Paris2015;Cinq kamikazes identifiés ,  un suspect en fuite ,  Belgique et Syrie au c ? ur de l'enquête URL ;Mon Nov 16 21:56:58 CET 2015;paris;1
666359325221380099;purpose;Jmen rappelle à Paris j'étais aller dans un restaurant Libanais c'était grave bon ;Mon Nov 16 21:56:58 CET 2015;paris;2
666359325070376960;Afropages;# Attentats/Paris  :  Le drapeau français en berne à l'Ambassade .  .  .  URL URL ;Mon Nov 16 21:56:58 CET 2015;paris;1
666359319902986241;gdg;Génération # URL ;Mon Nov 16 21:56:56 CET 2015;paris;1
666359317931663360;???????;jcrois vous êtes pas au courant que des opé policières y'en a eu + de 150 depuis l'attentat a paris ;Mon Nov 16 21:56:56 CET 2015;paris;1
666359313351516160;Pierre Arnaud;Attentats de Paris - Rémi Bonfils était au Carillon vendredi soir et a évité le pire  URL via @ ;Mon Nov 16 21:56:55 CET 2015;paris;1
666359313078816770;Ratila;@ ça me rappel paris ça ;Mon Nov 16 21:56:55 CET 2015;paris;1
666359311522656256;Iván Morales ?;A Beyrouth  :  «Pourquoi Facebook n’a pas créé de bouton “Safety check” pour nous»  ?  URL ;Mon Nov 16 21:56:54 CET 2015;paris;1
666359309098459140;Denis Fabre;Les attentats à Paris révèlent les limites de Daesh ,  via @ URL ;Mon Nov 16 21:56:54 CET 2015;paris;1
666359306497957892;denizen;Création mondiale du Concerto pour alto de Jörg Widmann et première de l'orgue de la Philharmonie .  .  .  URL ;Mon Nov 16 21:56:53 CET 2015;paris;1
666359305747189760;Gérard Ségura;Retweeted Fayçal Métaoui (@  Attentats de Paris  :  décès du musicien algérien Didine Sahbi .  .  .  URL ;Mon Nov 16 21:56:53 CET 2015;paris;1
666359305579401216;Chris_o9o;Si à Madrid on ne veut plus de lui Paris t'accueillera .  ;Mon Nov 16 21:56:53 CET 2015;paris;2
666359305482936320;nadia nounou;Des centaines d'Israéliens quittent Paris et l'Europe ,  ce soir et dans les prochains jours pour Israël .  URL ;Mon Nov 16 21:56:53 CET 2015;paris;1
666359303297761280;AlexTome Photography;CAMILLE + JONATHAN//SEANCE COUPLE - PARIS XVII // - CAMILLE + JONATHAN//SEANCE COUPLE – PARIS XVII // From .  .  .  URL ;Mon Nov 16 21:56:52 CET 2015;paris;1
666359302236581888;lulu5944bis; " Angry Arab  :  Quelques remarques sur le carnage de Paris (traduction) "  URL # # ;Mon Nov 16 21:56:52 CET 2015;paris;1
666359301653536772;hassan bouarfa;@ Hello vous ,  J'ai été choqué d'entendre qu'il y ait eu des attentats à Paris ,   même si je sais que nous ne vivons pas aux pays des ;Mon Nov 16 21:56:52 CET 2015;paris;0
666359299623391233;Julie Richard;Je t'aime Paris URL ;Mon Nov 16 21:56:52 CET 2015;paris;2
666359299149533184;Hiraku;@ Paris y'a de tt je te dis ? ;Mon Nov 16 21:56:51 CET 2015;paris;1
666362028529999872;Anaelle;Notre belle dame de fer .  . ??????# # # # # @ Tour Eiffel … URL ;Mon Nov 16 22:07:42 CET 2015;paris;2
666362027418501122;Anaelle;Notre-Dame De Paris mindthetravel URL URL ;Mon Nov 16 22:07:42 CET 2015;paris;1
666362024285200384;Toute l'actu Jeux;Anonymous prépare une opération d'envergure après les attentats de Paris :  Après les terribles évènements de ce .  .  .  URL ;Mon Nov 16 22:07:41 CET 2015;paris;1
666362021361950721;Excaliburnes.;@ j'ai tweeté la paire de Paris .  ;Mon Nov 16 22:07:40 CET 2015;paris;1
666362018346180608;Thomas Wieder;Un kamikaze du Stade de France avait emprunté la route des Balkans URL ;Mon Nov 16 22:07:40 CET 2015;paris;1
666362017897410560;Rom;@ @ @ toi t'es Belge ,  t'es encore un niveau plus haut .  ;Mon Nov 16 22:07:40 CET 2015;paris;2
666362016336973824;NyusuBLOG;Anonymous prépare une opération d'envergure après les attentats de Paris :  Après les terrible .  .  .  URL # # ;Mon Nov 16 22:07:39 CET 2015;paris;0
666362016219668481;Anaelle;Sport>France>VIDEO ZAPPEUR - La Marseillaise ,  hymne mondial La Marseillaise ,  chant gue .  .  URL … URL ;Mon Nov 16 22:07:39 CET 2015;paris;1
666362013912662016;Aldwin Baron WADE;@ @ Salah Abdeslam :  et à cette heure ci ,  il serait probablement dans les na URL URL ;Mon Nov 16 22:07:39 CET 2015;paris;1
666362013791166466;victorien pierrel;Même si c'est Daech avec un  " s "  ca vous fait pas bizarre de vous retrouvé à Paris  ?  ?? URL ;Mon Nov 16 22:07:39 CET 2015;paris;1
666362013266878464;Lord ????;FLUCTUAT NEC MERGITUR -  " Il [Paris] est battu par les flots ,  mais ne sombre pas "  ;Mon Nov 16 22:07:39 CET 2015;paris;1
666362012268683264;Carlotta A. Buracchi; " Où votre cœur défaille le grand cœur de Paris le soutiendra "  # # # URL ;Mon Nov 16 22:07:38 CET 2015;paris;1
666362008804171777;Malika;@ Mélanie tu a un vrai coeur je t'aime telllement et même si on est seynois on soutiennedra Paris coude que coûte ;Mon Nov 16 22:07:37 CET 2015;paris;1
666362002944753664;jo;Paris Tour Eiffel en bleu blanc rouge URL ;Mon Nov 16 22:07:36 CET 2015;paris;1
666362002068086784;PheonixDreams;J'aime une vidéo @ de @ PRAY FOR PARIS [PARODIE hallelujah] URL ;Mon Nov 16 22:07:36 CET 2015;paris;1
666361999765471232;BrrrBrrr!!!;On entend plus parler de # depuis l'attaque meurtrière à # Serait il dans le coup ?  ?  ?  ??? .  .  . Brrr Brrr !  !  !  ;Mon Nov 16 22:07:35 CET 2015;paris;2
666361998532218880;YannJoub;Attentats et «cellules psychologiques» .  Quand le Dr Clovis Vincent «torpillait» ses patients :  Bonjour La polém .  .  .  URL ;Mon Nov 16 22:07:35 CET 2015;paris;1
666361998192447492;PrayForParis ©;Attentats à Paris  :  les Anonymous  | Charlie Hebdo URL # # URL ;Mon Nov 16 22:07:35 CET 2015;paris;1
666361996577607680;Jean Voi;Attentats et «cellules psychologiques» .  Quand le Dr Clovis Vincent «torpillait» ses patients :  Bonjour La polém .  .  .  URL ;Mon Nov 16 22:07:35 CET 2015;paris;1
666361994744741888;ThePhilosopher;Attentats et «cellules psychologiques» .  Quand le Dr Clovis Vincent «torpillait» ses patients :  Bonjour La polém .  .  .  URL ;Mon Nov 16 22:07:34 CET 2015;paris;1
666361990789640192;Dark knight;Dnc la je parle à quelqu'un qui a comme TN  " Je suis Paris "  ahok ;Mon Nov 16 22:07:33 CET 2015;paris;1
666361989694939137;maria;chu morte mon oncle vi1 dnou ramener un tel kil a trouvé sur Paris vendredi ;Mon Nov 16 22:07:33 CET 2015;paris;1
666361986666635264;GAMET Pierre;[Officiel] Anonymous réagit aux attentats de Paris  !  13/11/15 URL via @ # ;Mon Nov 16 22:07:32 CET 2015;paris;1
666361983898357760;Mille Etoiles;La Marseillaise retentit au Camp Liberty en Irak en hommage aux victimes de Paris .  .  .  URL ;Mon Nov 16 22:07:32 CET 2015;paris;1
666361980941418496;Vin;@ non + d amour Ç trop grave .  .  .  .  .  ;Mon Nov 16 22:07:31 CET 2015;paris;2
666361976688410632;Lola Le Pochat;Actuellement ,  à pleine balle dans l'Eurostar .  J'ai quitté Paris le cœur lourd .  .  .  ;Mon Nov 16 22:07:30 CET 2015;paris;0
666361972707819521;Julien Berard;une des meileures réponse a l'attauqe sur Paris a été faite par un Anglais URL (je vous conseille la VO ;Mon Nov 16 22:07:29 CET 2015;paris;1
666361962121535489;LaurentJPR;INFO LE FIGARO - Attentats de Paris  :  un appartement loué par l’un des kamikazes découvert à Bobigny via @ URL ;Mon Nov 16 22:07:26 CET 2015;paris;1
666361958166233088;Keep In News;Hommage au Mémorial du 11/9 de New York pour les victimes de Paris .  URL ;Mon Nov 16 22:07:25 CET 2015;paris;1
666361952395001857;Joker Mohamed;Ce week end je vais casse de Paris direction avranches voir le match de coupe de mon ga sur yamadou ;Mon Nov 16 22:07:24 CET 2015;paris;1
666361945805733889;Seifamou;Ils sont né en France ou en Belgique Ont reçu le même éducation Ont atteint les mêmes écoles Devraient avoir le .  .  .  URL ;Mon Nov 16 22:07:22 CET 2015;paris;1
666361929334681602;Laurent Fanichet;@ il est clair que ce @ aura une toute autre dimension suite aux récents événements .  ;Mon Nov 16 22:07:19 CET 2015;paris;1
666361929049468929;?organe.;@ Pourtant je suis dans une petite ville .  J'imagine même pas les gens de paris putain !  ;Mon Nov 16 22:07:18 CET 2015;paris;0
666361928516681728;Aldwin Baron WADE;@ @ Salah Abdeslam :  -celles des autorités de céans .  Et c'est le contraire qui URL URL ;Mon Nov 16 22:07:18 CET 2015;paris;1
666361924792279041;Kaleel;Anonymous - Operation Paris # URL ;Mon Nov 16 22:07:17 CET 2015;paris;1
666361923714158592;Thomas west;Je Suis Paris Nous Sommes Famille .  URL ;Mon Nov 16 22:07:17 CET 2015;paris;1
666361921294069760;Antron Reid;Je t'aime Paris ?????????? ;Mon Nov 16 22:07:17 CET 2015;paris;2
666361916894375937;Le Petit Voltaire;Le Parlement s'est réuni en Congrès à # le 16 novembre 2015 ,  3 jours après les attentats de # URL ;Mon Nov 16 22:07:16 CET 2015;paris;1
666361908996538369;gaston laval;Je me suis à mon tour recueilli ce soir Place de la # à # 5 min .  .  .  Le temps d'écouter le silence .  URL ;Mon Nov 16 22:07:14 CET 2015;paris;1
666361907075522560;le visu -Candice;@ @ ici c'est .  .  .  ICI C'EST PARIS Tahia Bariiiis ;Mon Nov 16 22:07:13 CET 2015;paris;1
666361905422970880;?????;L'Italie se francise .  Il ramènent un ex musulman pour discuter des attentats de Paris .  .  .  . et ça parle guerre .  URL ;Mon Nov 16 22:07:13 CET 2015;paris;1
666361903741083648;n°11;si la dissert est pas notée croyez moi que Charlie Hebdo et les attentats de Paris ça sera rien par rapport à ce que je ferais ;Mon Nov 16 22:07:12 CET 2015;paris;1
666361894995931136;Louis;@ je reste à Paris ;Mon Nov 16 22:07:10 CET 2015;paris;1
666361894194782208;dalbour;Un Toulousain écrit à Daech qui a assassiné sa cousine à Paris - France 3 Midi-Pyrénées URL ;Mon Nov 16 22:07:10 CET 2015;paris;1
666361891829243904;Colette #CaVaChanger;Maxime ,  Halima ,  Nicolas ,  Precilia .  .  .  Les victimes des attentats de Paris URL # ;Mon Nov 16 22:07:10 CET 2015;paris;1
666361890851962880;lalou;Demain matin mon père repars à Paris ? ;Mon Nov 16 22:07:09 CET 2015;paris;1
666361889979527172;NEZHA;DIRECT .  Regardez  " Des paroles et des actes "  consacré aux attentats de Paris sur France 2 URL via francetvinfo ;Mon Nov 16 22:07:09 CET 2015;paris;1
666361887018385408;????;@ @  ça tombe bien j'habite à Paris sale grosse putain jvais incendier ta saleté de baraque ça tfera tout drôle ;Mon Nov 16 22:07:08 CET 2015;paris;0
666361878248079364;Hussein Suprème;Une photo retouchée a transformé ce Sikh en terroriste URL via @ ;Mon Nov 16 22:07:06 CET 2015;paris;1
666361878214516738;1001portails.com;Attentats de Paris  :  où en est l'enquête  ?  (franceinfo . fr) URL URL ;Mon Nov 16 22:07:06 CET 2015;paris;1
