656395850856427520;Antoine C. Flash ;L'évolution économique mondiale peut-elle être lancé par @   ?   #   #  ;Tue Oct 20 11:05:40 CEST 2015;miaou;2
656378113455165440;#KENTINKONTAN;@ Miaou Miaou est passé à l'écran  .    ;Tue Oct 20 09:55:11 CEST 2015;miaou;2
656377398028578816;#KENTINKONTAN;Le gars vient de faire un numéro de diabolo sur une chanson qui dit que Miaou devant 6 personnes qui valent 400 milliards d'euros  .    .    .   #  ;Tue Oct 20 09:52:21 CEST 2015;miaou;2
656375801106051072;Antoine C. Flash ;Il faut prendre le # au sérieux après un numéro de diabolo et une chanson qui se limite à   "  Miaou  "    .   Youpi  ;Tue Oct 20 09:46:00 CEST 2015;miaou;2
656375055530774528;Alexandre Delmotte;Performance artistique pour ce début de plénière   !   # (  ?  ) # URL  ;Tue Oct 20 09:43:02 CEST 2015;miaou;2
656366291821961216;Lili Zabini;@ Hmm   .    .    .   * s'écarte légèrement et s'étire comme un chat * Miaou  .    .    .    .    ;Tue Oct 20 09:08:13 CEST 2015;miaou;2
656356834429812736;Mr_Piku;@ @ @ super cool le dossier star wars du dernier numéro mais un peu court à mon goût  .    ;Tue Oct 20 08:30:38 CEST 2015;miaou;4
656353488474124288;Moi Leonie;Couain couain fond les canards miaou miaou fond les   .    .    .   URL  ;Tue Oct 20 08:17:20 CEST 2015;miaou;2
656337987593203714;coralie;@ j'ai l'image en tête lol  ;Tue Oct 20 07:15:45 CEST 2015;miaou;4
656252441579491328;Goku★ゴク;@ voit* l'amour me rend analphabete  ;Tue Oct 20 01:35:49 CEST 2015;miaou;4
